name,price,kilometers_driven,fuel_type,transmission_type,location,car_type,model,mileage
"2012 Hyundai Verna 1.6 SX CRDi (O)",425000,80000,Diesel,Manual,Chennai,Sedan,2012,27
"2022 Mercedes-Benz E-Class Exclusive E 220d BSVI",5900000,21000,Diesel,Automatic,Chennai,Sedan,2022,14
"2021 Mercedes-Benz E-Class Exclusive E 220d BSVI",5200000,54000,Diesel,Automatic,Chennai,Sedan,2021,8
"2017 Honda City i VTEC CVT SV",800000,45001,Petrol,Automatic,Chennai,Sedan,2017,16
"2015 Honda City i VTEC CVT SV",615000,90000,Petrol,Automatic,Chennai,Sedan,2015,24
"2022 Hyundai Verna S Plus",999000,11000,Petrol,Manual,Chennai,Sedan,2022,16
"2014 Hyundai Xcent 1.2 Kappa S",366000,22017,Petrol,Manual,Chennai,Sedan,2014,27
"2015 Honda Amaze VX i-Vtech",451000,39907,Petrol,Manual,Chennai,Sedan,2015,29
N/A,NULL,0,Unknown,Unknown,Chennai,Sedan,N/A,10
"2017 Honda City i VTEC CVT VX",800000,70000,Petrol,Automatic,Chennai,Sedan,2017,31
"2020 Mercedes-Benz AMG C 63 Coupe",3500000,53000,Petrol,Automatic,Chennai,Sedan,2020,18
"2017 Maruti Swift Dzire AMT ZXI BS IV",695000,54000,Petrol,Automatic,Chennai,Sedan,2017,14
"2023 Hyundai Aura S CNG",771000,17986,CNG,Manual,Chennai,Sedan,2023,10
"2023 Hyundai Verna SX IVT",1410000,20000,Petrol,Automatic,Chennai,Sedan,2023,29
"2022 Mercedes-Benz EQS 580 4Matic",9200000,4700,Electric,Automatic,Chennai,Sedan,2022,30
"2016 Hyundai Xcent 1.2 Kappa S",419000,48677,Petrol,Manual,Chennai,Sedan,2016,9
"2022 Hyundai Verna SX Opt Turbo",1290000,25000,Petrol,Automatic,Chennai,Sedan,2022,24
"2018 Volkswagen Vento 1.5 TDI Comfortline",760000,80000,Diesel,Manual,Chennai,Sedan,2018,10
"2016 Mercedes-Benz S-Class S 350 d",5200000,33000,Diesel,Automatic,Chennai,Sedan,2016,23
"2020 Honda Amaze S Petrol",660000,43607,Petrol,Manual,Chennai,Sedan,2020,30
"2020 Volkswagen Vento 1.0 TSI Highline",785000,63000,Petrol,Manual,Chennai,Sedan,2020,21
"2020 Volkswagen Vento 1.0 TSI Highline",785000,63000,Petrol,Manual,Chennai,Sedan,2020,10
"2007 Honda Civic 1.8 (E) MT",375000,61000,Petrol,Manual,Chennai,Sedan,2007,7
"2019 Tata Tigor XZ Plus",471000,51789,Petrol,Manual,Chennai,Sedan,2019,23
"2018 Ford Aspire 1.5 Ti-VCT Titanium",490000,48593,Petrol,Automatic,Chennai,Sedan,2018,10
"2023 Hyundai Verna SX IVT Opt",1585000,17000,Petrol,Automatic,Chennai,Sedan,2023,27
"2023 Hyundai Verna SX IVT",1450000,11000,Petrol,Automatic,Chennai,Sedan,2023,25
"2019 Hyundai Xcent 1.2 VTVT S",560000,44259,Petrol,Manual,Chennai,Sedan,2019,9
"2017 Honda City i DTec E",935000,70459,Diesel,Manual,Chennai,Sedan,2017,15
"2018 BMW 3 Series 320d",3000000,52000,Diesel,Automatic,Chennai,Sedan,2018,18
"2020 Honda City V CVT",1035000,50155,Petrol,Automatic,Chennai,Sedan,2020,11
"2018 Honda City VX MT",825000,54000,Petrol,Manual,Chennai,Sedan,2018,20
"2018 Tata Tigor XZ Plus",441000,81026,Petrol,Manual,Chennai,Sedan,2018,12
"2021 Tata Tigor XZ Plus BSVI",580000,42931,Petrol,Manual,Chennai,Sedan,2021,18
"2018 Skoda Superb LK 1.8 TSI AT",1900000,60000,Petrol,Automatic,Chennai,Sedan,2018,24
"2020 Tata Tigor XZ BSVI",455000,68000,Petrol,Manual,Chennai,Sedan,2020,8
"2015 Maruti Swift Dzire VXI",412000,98685,Petrol,Manual,Chennai,Sedan,2015,11
"2014 Mercedes-Benz E-Class E250 CDI",2250000,70000,Diesel,Automatic,Chennai,Sedan,2014,27
"2019 Hyundai Xcent 1.2 VTVT S",441000,94881,Petrol,Manual,Chennai,Sedan,2019,19
"2015 Volvo S60 D4 Momentum BSIV",2350000,53000,Diesel,Automatic,Chennai,Sedan,2015,9
"2022 Maruti Swift Dzire ZXI AT BSVI",673000,45639,Petrol,Automatic,Chennai,Sedan,2022,31
"2022 BMW 3 Series Gran Limousine 320Ld Luxury Line",4500000,30000,Diesel,Automatic,Chennai,Sedan,2022,20
"2015 Honda Amaze S Petrol",409999,96616,Petrol,Manual,Chennai,Sedan,2015,27
"2022 Toyota Camry 2.5 Hybrid BSVI",3500000,35005,Petrol,Automatic,Chennai,Sedan,2022,20
"2018 Maruti Swift Dzire ZXI Plus",655000,62404,Petrol,Manual,Chennai,Sedan,2018,9
"2016 Skoda Superb Style 1.8 TSI AT",1400000,99000,Petrol,Automatic,Chennai,Sedan,2016,31
"2020 Honda City V MT",919999,42972,Petrol,Manual,Chennai,Sedan,2020,19
"2021 Honda Amaze VX Petrol",660000,64857,Petrol,Manual,Chennai,Sedan,2021,22
"2019 Skoda Rapid 1.6 MPI Ambition BSIV",685000,73890,Petrol,Manual,Chennai,Sedan,2019,21
"2020 Honda City SV",1175000,30687,Petrol,Manual,Chennai,Sedan,2020,9
"2016 BMW 3 Series 320d",1350000,130000,Diesel,Automatic,Chennai,Sedan,2016,24
"2019 Honda City i-VTEC ZX",784000,59853,Petrol,Manual,Chennai,Sedan,2019,13
"2017 Honda City i VTEC CVT VX",665000,98302,Petrol,Automatic,Chennai,Sedan,2017,10
"2019 Honda City V MT AVN",819999,72465,Petrol,Manual,Chennai,Sedan,2019,7
"2015 Honda Amaze S Diesel",509999,69218,Diesel,Manual,Chennai,Sedan,2015,22
"2019 Honda Amaze VX CVT Petrol BSIV",629000,88057,Petrol,Automatic,Chennai,Sedan,2019,10
"2018 Maruti Ciaz Delta BSVI",725000,30417,Petrol,Manual,Chennai,Sedan,2018,24
"2018 BMW 3 Series GT Luxury Line",3600000,55000,Diesel,Automatic,Chennai,Sedan,2018,10
"2020 Maruti Ciaz Delta AT BSVI",805000,51887,Petrol,Automatic,Chennai,Sedan,2020,20
"2017 Volkswagen Vento 1.2 Highline Plus AT 16 Alloy",646000,41686,Petrol,Automatic,Chennai,Sedan,2017,16
"2019 BMW 5 Series 530d M Sport",4500000,45000,Diesel,Automatic,Chennai,Sedan,2019,14
"2010 Mercedes-Benz E-Class E250 CDI Classic",1500000,70000,Diesel,Automatic,Chennai,Sedan,2010,14
"2018 Maruti Swift Dzire VXi AT",615000,69598,Petrol,Automatic,Chennai,Sedan,2018,23
"2019 Mercedes-Benz C-Class Progressive C 220d",3200000,20000,Diesel,Automatic,Chennai,Sedan,2019,16
"2018 Honda Amaze VX i-VTEC",675000,70000,Petrol,Manual,Chennai,Sedan,2018,28
"2017 BMW 5 Series 520d Luxury Line",3950000,30000,Diesel,Automatic,Chennai,Sedan,2017,13
"2015 Honda Amaze SX i-DTEC",480000,39000,Diesel,Manual,Chennai,Sedan,2015,23
"2019 Volkswagen Vento 1.2 TSI Highline Plus AT",798000,43955,Petrol,Automatic,Chennai,Sedan,2019,21
"2009 Mercedes-Benz S-Class 320 CDI",1250000,56000,Diesel,Automatic,Chennai,Sedan,2009,28
"2019 Volkswagen Vento 1.2 TSI Highline AT",790000,63000,Petrol,Automatic,Chennai,Sedan,2019,22
"2021 Honda City ZX MT",963000,69280,Petrol,Manual,Chennai,Sedan,2021,21
"2015 Toyota Corolla Altis 1.8 VL AT",825000,85000,Petrol,Automatic,Chennai,Sedan,2015,29
"2017 Jaguar XF 2.0 Diesel Portfolio",3500000,32000,Diesel,Automatic,Chennai,Sedan,2017,26
"2017 Mercedes-Benz E-Class E 350d",2700000,99000,Diesel,Automatic,Chennai,Sedan,2017,14
"2019 BMW 7 Series 730Ld DPE",6800000,53001,Diesel,Automatic,Chennai,Sedan,2019,8
"2019 Hyundai Verna VTVT 1.6 AT SX Plus",766000,70168,Petrol,Automatic,Chennai,Sedan,2019,18
"2009 Audi A6 3.0 TFSI quattro",1200000,92000,Petrol,Automatic,Chennai,Sedan,2009,11
"2016 Volkswagen Ameo 1.5 TDI Comfortline",605000,63162,Diesel,Manual,Chennai,Sedan,2016,17
"2012 Mercedes-Benz E-Class 220 CDI",1500000,80001,Diesel,Automatic,Chennai,Sedan,2012,20
"2015 Audi A4 35 TDI Premium",1150000,115000,Diesel,Automatic,Chennai,Sedan,2015,20
"2015 BMW 7 Series 730Ld",2700000,38000,Diesel,Automatic,Chennai,Sedan,2015,9
"2022 Tata Tigor EV XZ Plus",800000,35001,Electric,Automatic,Chennai,Sedan,2022,25
"2019 Honda City i-VTEC CVT V",894999,39000,Petrol,Automatic,Chennai,Sedan,2019,20
"2017 Maruti Swift Dzire VXI 1.2",517000,75166,Petrol,Manual,Chennai,Sedan,2017,17
"2022 Maruti Swift Dzire ZXI AT BSVI",733000,27222,Petrol,Automatic,Chennai,Sedan,2022,17
"2020 Mercedes-Benz C-Class Progressive C 200",3300000,41000,Petrol,Automatic,Chennai,Sedan,2020,29
"2020 Tata Tigor 1.2 Revotron XM",424000,92454,Petrol,Manual,Chennai,Sedan,2020,11
"2021 Honda City V MT",950000,53000,Petrol,Manual,Chennai,Sedan,2021,12
"2017 Honda City ZX CVT",825000,41034,Petrol,Automatic,Chennai,Sedan,2017,22
"2020 Honda City V MT",725000,37000,Petrol,Manual,Chennai,Sedan,2020,16
"2015 Hyundai Verna 1.6 CRDi SX",645000,56000,Diesel,Manual,Chennai,Sedan,2015,31
"2015 Honda Amaze SX i VTEC",450000,77060,Petrol,Manual,Chennai,Sedan,2015,27
"2014 Honda City i VTEC CVT SV",585000,80206,Petrol,Automatic,Chennai,Sedan,2014,11
"2016 Maruti Swift Dzire VXI",488999,74570,Petrol,Manual,Chennai,Sedan,2016,16
"2019 Hyundai Verna VTVT 1.6 AT SX Option",950000,19000,Petrol,Automatic,Chennai,Sedan,2019,18
"2020 BMW 5 Series 520d Luxury Line",4500000,59000,Diesel,Automatic,Chennai,Sedan,2020,11
"2017 Honda City ZX CVT",890000,60134,Petrol,Automatic,Chennai,Sedan,2017,18
"2022 Skoda Slavia 1.5 TSI Style AT",1590000,30000,Petrol,Automatic,Chennai,Sedan,2022,25
"2015 Mercedes-Benz E-Class AMG E63 S",1700000,88000,Petrol,Automatic,Chennai,Sedan,2015,17
"2017 Honda City ZX CVT",825000,41000,Petrol,Automatic,Chennai,Sedan,2017,25
"2019 Honda City i-VTEC V",699000,68449,Petrol,Manual,Chennai,Sedan,2019,20
"2015 Honda City i VTEC V",505000,92096,Petrol,Manual,Chennai,Sedan,2015,19
"2016 Volkswagen Vento 1.2 TSI Highline AT",600000,70000,Petrol,Automatic,Chennai,Sedan,2016,28
"2019 Honda City i-VTEC CVT ZX",839000,55266,Petrol,Automatic,Chennai,Sedan,2019,27
"2015 Honda City i DTEC SV",560000,89400,Diesel,Manual,Chennai,Sedan,2015,21
"2021 Mercedes-Benz E-Class Exclusive E 220d",5450000,55000,Diesel,Automatic,Chennai,Sedan,2021,14
"2013 Renault Scala Diesel RxL",350000,110000,Diesel,Manual,Chennai,Sedan,2013,29
"2022 Honda Amaze S Diesel",750000,92162,Diesel,Manual,Chennai,Sedan,2022,20
"2015 Audi A4 35 TDI Premium",1650000,1350000,Diesel,Automatic,Chennai,Sedan,2015,31
"2014 Honda Amaze SX i VTEC",425000,60983,Petrol,Manual,Chennai,Sedan,2014,13
"2016 Volkswagen Vento 1.5 TDI Comfortline",590000,90000,Diesel,Manual,Chennai,Sedan,2016,14
"2019 Hyundai Verna VTVT 1.4 E",765000,69000,Petrol,Manual,Chennai,Sedan,2019,26
"2016 BMW 3 Series 320d M Sport",2550000,25000,Diesel,Automatic,Chennai,Sedan,2016,8
"2022 Maruti Swift Dzire VXI",649000,45000,Petrol,Manual,Chennai,Sedan,2022,29
"2019 Hyundai Verna VTVT 1.6 SX",785000,56590,Petrol,Manual,Chennai,Sedan,2019,16
"2020 Maruti Ciaz Alpha AT",840000,40000,Petrol,Automatic,Chennai,Sedan,2020,12
"2019 Hyundai Verna VTVT 1.6 AT SX Option",975000,22000,Petrol,Automatic,Chennai,Sedan,2019,31
"2021 Skoda Rapid 1.0 TSI Ambition",742000,54391,Petrol,Manual,Chennai,Sedan,2021,10
"2016 Maruti Swift Dzire VXI",455000,99951,Petrol,Manual,Chennai,Sedan,2016,28
"2014 Honda City i VTEC CVT SV",513999,77310,Petrol,Automatic,Chennai,Sedan,2014,28
"2023 Maruti Swift Dzire VXI",700000,22000,Petrol,Manual,Chennai,Sedan,2023,23
"2017 Honda City i-VTEC CVT V",649000,61403,Petrol,Automatic,Chennai,Sedan,2017,23
"2016 Honda City i VTEC V",499000,75378,Petrol,Manual,Chennai,Sedan,2016,18
"2018 Honda City i-VTEC SV",630000,78691,Petrol,Manual,Chennai,Sedan,2018,12
"2016 Honda Amaze VX AT i-Vtech",484000,34750,Petrol,Automatic,Chennai,Sedan,2016,26
"2017 Maruti Swift Dzire AMT ZDI Plus",650000,80000,Diesel,Automatic,Chennai,Sedan,2017,11
"2022 Skoda Slavia 1.0 TSI Style AT BSVI",1293000,19624,Petrol,Automatic,Chennai,Sedan,2022,21
"2016 Maruti Ciaz AT ZXi",480000,95934,Petrol,Automatic,Chennai,Sedan,2016,16
"2018 Maruti Swift Dzire AMT ZXI",584000,47618,Petrol,Automatic,Chennai,Sedan,2018,11
"2016 Honda Amaze S Petrol",475000,67924,Petrol,Manual,Chennai,Sedan,2016,24
"2018 Honda City i-VTEC CVT V",678000,72729,Petrol,Automatic,Chennai,Sedan,2018,7
"2015 Honda City i VTEC SV",474000,87877,Petrol,Manual,Chennai,Sedan,2015,30
"2020 Honda Amaze VX CVT Petrol",698000,38231,Petrol,Automatic,Chennai,Sedan,2020,21
"2023 Volkswagen Virtus GT Plus",1689999,9000,Petrol,Manual,Chennai,Sedan,2023,11
"2017 Hyundai Verna 1.4 VTVT",575000,92242,Petrol,Manual,Chennai,Sedan,2017,11
"2018 Hyundai Verna VTVT 1.6 SX",711000,62731,Petrol,Manual,Chennai,Sedan,2018,16
"2022 Toyota Camry 2.5 Hybrid BSVI",3475000,40000,Petrol,Automatic,Chennai,Sedan,2022,16
"2019 Hyundai Elantra 2.0 SX Option AT",1175000,39000,Petrol,Automatic,Chennai,Sedan,2019,26
"2018 Maruti Swift Dzire LXI 1.2 BS IV",530000,39000,Petrol,Manual,Chennai,Sedan,2018,25
"2016 BMW 3 Series GT Sport",2350000,63000,Diesel,Automatic,Chennai,Sedan,2016,16
"2017 Mercedes-Benz E-Class E 350d",3000000,98000,Diesel,Automatic,Chennai,Sedan,2017,23
"2016 Maruti Swift Dzire ZDI",594000,121510,Diesel,Manual,Chennai,Sedan,2016,11
"2016 Ford Fiesta Diesel Style",535000,128173,Diesel,Manual,Chennai,Sedan,2016,31
"2016 Honda City 1.5 V MT Exclusive",690000,50276,Petrol,Manual,Chennai,Sedan,2016,13
"2019 Honda Amaze S Petrol",565000,44712,Petrol,Manual,Chennai,Sedan,2019,16
"2014 Honda City i VTEC V",475000,132627,Petrol,Manual,Chennai,Sedan,2014,10
"2021 Mercedes-Benz E-Class Exclusive E 220d",6200000,7000,Diesel,Automatic,Chennai,Sedan,2021,20
"2020 BMW 5 Series 530d M Sport",5400000,41000,Diesel,Automatic,Chennai,Sedan,2020,12
"2015 Honda City SV MT",530000,108818,Petrol,Manual,Chennai,Sedan,2015,20
"2012 BMW 3 Series 320d",1290000,55000,Diesel,Automatic,Chennai,Sedan,2012,8
"2017 Skoda Octavia 2.0 TDI AT L K",1939999,58000,Diesel,Automatic,Chennai,Sedan,2017,21
"2022 Mercedes-Benz C-Class C 220d",5250000,2500,Diesel,Automatic,Chennai,Sedan,2022,26
"2019 Audi A3 35 TDI Premium Plus",2625000,23000,Diesel,Automatic,Chennai,Sedan,2019,9
"2015 Mercedes-Benz CLA 200 CGI Sport",1550000,42000,Petrol,Automatic,Chennai,Sedan,2015,13
"2012 Skoda Rapid 1.6 TDI Elegance",450000,100000,Diesel,Manual,Chennai,Sedan,2012,29
"2014 Honda Amaze VX Diesel",370000,121314,Diesel,Manual,Chennai,Sedan,2014,27
"2019 Honda City ZX CVT",975000,39000,Petrol,Automatic,Chennai,Sedan,2019,17
"2014 Honda Amaze S AT i-Vtech",430000,50000,Petrol,Automatic,Chennai,Sedan,2014,23
"2011 Ford Fiesta 1.4 SXI Duratorq",265000,82000,Diesel,Manual,Chennai,Sedan,2011,30
"2013 Maruti Swift Dzire LDI",475000,70717,Diesel,Manual,Chennai,Sedan,2013,25
"2014 Honda Amaze S Petrol",325000,89953,Petrol,Manual,Chennai,Sedan,2014,28
"2023 Tata Tigor XZA Plus Leatherette Pack AMT",750000,8000,Petrol,Automatic,Chennai,Sedan,2023,8
"2021 Hyundai Aura S",650000,50000,Petrol,Manual,Chennai,Sedan,2021,26
"2021 Honda Amaze VX BSVI",740000,30000,Petrol,Manual,Chennai,Sedan,2021,24
"2012 Volvo S60 D3",900000,80000,Diesel,Automatic,Chennai,Sedan,2012,12
"2022 Honda Amaze VX CVT BSVI",869999,20000,Petrol,Automatic,Chennai,Sedan,2022,30
"2012 Honda City E",500000,71000,Petrol,Manual,Chennai,Sedan,2012,10
"2022 Honda Amaze VX CVT BSVI",869999,10000,Petrol,Automatic,Chennai,Sedan,2022,26
"2014 Skoda Superb 1.8 TFSI MT",700000,100000,Petrol,Manual,Chennai,Sedan,2014,19
"2015 Ford Aspire 1.5 TDCi Trend",450000,70000,Diesel,Manual,Chennai,Sedan,2015,11
"2022 Skoda Slavia 1.5 TSI Style AT BSVI",1600000,12000,Petrol,Automatic,Chennai,Sedan,2022,16
"2021 Toyota Yaris J",800000,10000,Petrol,Manual,Chennai,Sedan,2021,16
"2014 Hyundai Verna 1.6 SX VTVT",450000,51000,Petrol,Manual,Chennai,Sedan,2014,26
"2018 Maruti Swift Dzire AMT VXI BS IV",620000,50000,Petrol,Automatic,Chennai,Sedan,2018,23
"2017 Maruti Swift Dzire AMT ZDI Plus",595000,120000,Diesel,Automatic,Chennai,Sedan,2017,7
"2022 Volkswagen Virtus Highline BSVI",1100000,40000,Petrol,Manual,Chennai,Sedan,2022,8
"2017 Honda City i-VTEC VX",800000,40000,Petrol,Manual,Chennai,Sedan,2017,15
"2019 Volkswagen Vento 1.6 Highline BSIV",950000,30000,Petrol,Manual,Chennai,Sedan,2019,19
"2015 Tata Zest Quadrajet 1.3 XMS",270000,80000,Diesel,Manual,Chennai,Sedan,2015,17
"2008 Honda City GXi",250000,80000,Petrol,Manual,Chennai,Sedan,2008,23
"2021 Audi A4 Premium Plus",2450000,60000,Petrol,Automatic,Chennai,Sedan,2021,31
"2014 Skoda Rapid 1.5 TDI Ambition",550000,70000,Diesel,Manual,Chennai,Sedan,2014,31
"2015 Maruti Swift Dzire VXI",450000,60000,Petrol,Manual,Chennai,Sedan,2015,31
"2018 Toyota Etios 1.4 GXD",650000,160000,Diesel,Manual,Chennai,Sedan,2018,7
"2011 Hyundai Verna 1.6 SX CRDi (O)",350000,150000,Diesel,Manual,Chennai,Sedan,2011,8
"2019 Mercedes-Benz CLA Urban Sport 200d",2400000,50000,Diesel,Automatic,Chennai,Sedan,2019,14
"2019 Volkswagen Vento 1.6 Highline",725000,70000,Petrol,Manual,Chennai,Sedan,2019,13
"2014 Maruti Ciaz VDi Plus",550000,80000,Diesel,Manual,Chennai,Sedan,2014,17
"2014 Hyundai Xcent 1.2 Kappa S Option",360000,70000,Petrol,Manual,Chennai,Sedan,2014,14
"2017 Chevrolet Cruze LTZ",750000,120000,Diesel,Manual,Chennai,Sedan,2017,15
"2021 Maruti Swift Dzire ZXI Plus AT BSVI",830000,70000,Petrol,Automatic,Chennai,Sedan,2021,24
"2016 Maruti Swift Dzire ZXI",500000,60000,Petrol,Manual,Chennai,Sedan,2016,18
"2015 Chevrolet Cruze LTZ",590000,80000,Diesel,Manual,Chennai,Sedan,2015,11
"2015 Audi A8 L 3.0 TDI quattro",2500000,50000,Diesel,Automatic,Chennai,Sedan,2015,21
"2022 Volkswagen Virtus GT Plus DSG BSVI",1600000,30000,Petrol,Automatic,Chennai,Sedan,2022,13
"2021 Skoda Superb Laurin & klement BSVI",3500000,60000,Petrol,Automatic,Chennai,Sedan,2021,23
"2012 Skoda Superb Ambition 2.0 TDI CR AT",500000,160000,Diesel,Automatic,Chennai,Sedan,2012,18
"2016 Hyundai Verna 1.6 VTVT SX",525000,80000,Petrol,Manual,Chennai,Sedan,2016,17
"2024 Hyundai Verna SX Opt Turbo DCT",1850000,10000,Petrol,Automatic,Chennai,Sedan,2024,23
"2020 Skoda Rapid 1.0 TSI Ambition",800000,80000,Petrol,Manual,Chennai,Sedan,2020,7
"2010 Maruti Swift Dzire VXi",260000,60000,Petrol,Manual,Chennai,Sedan,2010,11
"2015 Mercedes-Benz S-Class S 350 CDI",4000000,60000,Diesel,Automatic,Chennai,Sedan,2015,26
"2015 Mercedes-Benz S-Class S 350 CDI",4200000,60000,Diesel,Automatic,Chennai,Sedan,2015,16
"2017 Skoda Rapid 1.5 TDI Style BSIV",800000,160000,Diesel,Manual,Chennai,Sedan,2017,22
"2017 Skoda Rapid 1.5 TDI Style BSIV",720000,180000,Diesel,Manual,Chennai,Sedan,2017,31
"2014 Volkswagen Vento Diesel Comfortline",450000,80000,Diesel,Manual,Chennai,Sedan,2014,29
"2017 Volkswagen Ameo 1.2 MPI Comfortline",450000,40000,Petrol,Manual,Chennai,Sedan,2017,24
"2010 Maruti Swift Dzire VXi",250000,80000,Petrol,Manual,Chennai,Sedan,2010,26
"2009 Mercedes-Benz E-Class E350 CDI Avantgarde",700000,120000,Diesel,Automatic,Chennai,Sedan,2009,26
"2009 Mercedes-Benz E-Class E350 CDI Elegance",700000,120000,Diesel,Automatic,Chennai,Sedan,2009,19
"2011 Skoda Laura Ambiente 2.0 TDI CR AT",250000,160000,Diesel,Automatic,Chennai,Sedan,2011,10
"2017 Hyundai Verna 1.6 SX VTVT",819999,60000,Petrol,Manual,Chennai,Sedan,2017,11
"2018 Hyundai Xcent 1.2 CRDi E",400000,70000,Diesel,Manual,Chennai,Sedan,2018,20
"2013 Maruti Swift Dzire VDI",450000,70000,Diesel,Manual,Chennai,Sedan,2013,9
"2010 BMW 3 Series 320d",700000,60000,Diesel,Automatic,Chennai,Sedan,2010,30
"2009 Audi A6 2.7 TDI",990000,90000,Diesel,Automatic,Chennai,Sedan,2009,14
"2018 Honda City i-VTEC VX",650000,120000,Petrol,Manual,Chennai,Sedan,2018,27
"2012 Toyota Etios GD SP",750000,150000,Diesel,Manual,Chennai,Sedan,2012,10
"2017 Ford Aspire 1.5 TDCi Titanium",575000,60000,Diesel,Manual,Chennai,Sedan,2017,11
"2010 Ford Fiesta 1.6 SXi Duratec",189000,120000,Petrol,Manual,Chennai,Sedan,2010,18
"2018 Honda Amaze E i-VTEC",459999,50000,Petrol,Manual,Chennai,Sedan,2018,26
"2016 Honda Amaze VX i-VTEC",450000,30000,Petrol,Manual,Chennai,Sedan,2016,18
"2005 Honda New Accord VTi-L MT",85000,100000,Petrol,Manual,Chennai,Sedan,2005,7
"2023 Honda City ZX MT",1550000,20000,Petrol,Manual,Chennai,Sedan,2023,26
"2012 BMW 3 Series 320d",1500000,70000,Diesel,Automatic,Chennai,Sedan,2012,26
"2016 Hyundai Verna 1.6 VTVT S",540000,100000,Petrol,Manual,Chennai,Sedan,2016,20
"2024 Hyundai Aura S CNG",815000,40000,CNG,Manual,Chennai,Sedan,2024,18
"2020 Mercedes-Benz C-Class Progressive C 220d",3300000,60000,Diesel,Automatic,Chennai,Sedan,2020,23
"2018 Maruti Ciaz Delta Automatic BSIV",800000,30000,Petrol,Automatic,Chennai,Sedan,2018,27
"2020 Mercedes-Benz C-Class Progressive C 220d",3300000,60000,Diesel,Automatic,Chennai,Sedan,2020,11
"2018 Maruti Swift Dzire AMT ZDI",530000,120000,Diesel,Automatic,Chennai,Sedan,2018,18
"2012 Honda City S",400000,80000,Petrol,Manual,Chennai,Sedan,2012,26
"2014 Volkswagen Vento 1.5 TDI Highline",400000,80000,Diesel,Manual,Chennai,Sedan,2014,20
"2017 Ford Aspire 1.5 TDCi Titanium",420000,80000,Diesel,Manual,Chennai,Sedan,2017,14
"2018 BMW 5 Series 520d Luxury Line",3490000,47825,Diesel,Automatic,Coimbatore,Sedan,2018,29
"2021 BMW 3 Series Gran Limousine 320Ld Luxury Line",3290000,79628,Diesel,Automatic,Coimbatore,Sedan,2021,20
"2017 Audi A3 35 TDI Premium Plus",1590000,38000,Diesel,Automatic,Gurgaon,Sedan,2017,8
"2014 Audi A6 2.0 TDI",1190000,75284,Diesel,Automatic,Coimbatore,Sedan,2014,25
"2019 BMW 5 Series 520d Luxury Line",4190000,64873,Diesel,Automatic,Coimbatore,Sedan,2019,17
"2017 Jaguar XF 2.0 Diesel Portfolio",3790000,47478,Diesel,Automatic,Coimbatore,Sedan,2017,30
"2019 Skoda Superb LK 2.0 TDI AT",2690000,58321,Diesel,Automatic,Coimbatore,Sedan,2019,15
"2015 BMW 3 Series 320d Luxury Line",1590000,76318,Diesel,Automatic,Coimbatore,Sedan,2015,31
"2015 Audi A6 35 TDI Premium",1850000,70500,Diesel,Automatic,Gurgaon,Sedan,2015,29
"2019 Audi A6 45 TFSI Technology WO Matrix BSVI",3590000,58000,Petrol,Automatic,Gurgaon,Sedan,2019,18
"2016 Audi A8 L 60 TFSI Quattro",3990000,25800,Petrol,Automatic,Gurgaon,Sedan,2016,24
"2014 Audi A4 2.0 TDI Premium Plus",890000,68000,Diesel,Automatic,Gurgaon,Sedan,2014,7
"2021 Audi A6 45 TFSI Technology WO Matrix BSVI",3990000,53000,Petrol,Automatic,Gurgaon,Sedan,2021,7
"2015 Audi A3 35 TDI Technology",990000,55000,Diesel,Automatic,Gurgaon,Sedan,2015,31
"2015 Audi A6 35 TDI Technology",1480000,71000,Diesel,Automatic,Gurgaon,Sedan,2015,29
"2022 Mercedes-Benz AMG A 35 4MATIC BSVI",4690000,14950,Petrol,Automatic,Gurgaon,Sedan,2022,19
"2017 Audi A6 35 TDI",2280000,25100,Diesel,Automatic,Gurgaon,Sedan,2017,29
"2014 Mercedes-Benz C-Class C 200 CGI Avantgarde",1190000,75000,Petrol,Automatic,Gurgaon,Sedan,2014,29
"2015 Audi A4 35 TDI Technology Edition",990000,51600,Diesel,Automatic,Gurgaon,Sedan,2015,28
"2015 Audi A6 35 TDI",890000,65000,Diesel,Automatic,Gurgaon,Sedan,2015,23
"2018 Toyota Yaris VX CVT BSIV",750000,55000,Petrol,Automatic,Gurgaon,Sedan,2018,23
"2021 Audi A4 Technology",3190000,9300,Petrol,Automatic,Gurgaon,Sedan,2021,16
"2022 Tata Tigor EV XZ Plus Dual Tone",880000,30000,Electric,Automatic,Ahmedabad,Sedan,2022,27
"2024 Hyundai Aura SX CNG",780000,5498,CNG,Manual,Ahmedabad,Sedan,2024,7
"2018 Maruti Swift Dzire VXI 1.2",580000,54232,Petrol,Manual,Ahmedabad,Sedan,2018,24
"2022 Maruti Dzire VXI",664000,31960,Petrol,Manual,Ahmedabad,Sedan,2022,15
"2023 Mercedes-Benz A-Class Limousine A 200d BSVI",4200000,16000,Diesel,Automatic,Ahmedabad,Sedan,2023,21
"2017 Hyundai Xcent 1.2 VTVT S",475000,33000,Petrol,Manual,Ahmedabad,Sedan,2017,28
"2013 Honda Amaze S i-Vtech",340000,94000,Petrol,Manual,Ahmedabad,Sedan,2013,20
"2016 Honda Amaze VX AT i-Vtech",450000,57000,Petrol,Automatic,Ahmedabad,Sedan,2016,11
N/A,NULL,0,Unknown,Unknown,Ahmedabad,Sedan,N/A,12
"2012 Maruti Swift Dzire VXI",333000,44590,Petrol,Manual,Ahmedabad,Sedan,2012,23
"2015 Hyundai Xcent 1.2 Kappa SX Option",440000,64000,Petrol,Manual,Ahmedabad,Sedan,2015,23
"2020 Maruti Dzire VXI",601000,30875,Petrol,Manual,Ahmedabad,Sedan,2020,11
"2016 Maruti Swift Dzire VXi AT",493000,50767,Petrol,Automatic,Ahmedabad,Sedan,2016,8
"2016 Hyundai Xcent Petrol",444000,39905,Petrol,Manual,Ahmedabad,Sedan,2016,25
"2016 Honda City i VTEC SV",620000,63120,Petrol,Manual,Ahmedabad,Sedan,2016,19
"2021 Tata Tigor 1.2 Revotron XZ",541000,39300,Petrol,Manual,Ahmedabad,Sedan,2021,11
"2016 Honda City i VTEC V",550000,81000,Petrol,Manual,Ahmedabad,Sedan,2016,20
"2015 Hyundai Verna 1.6 VTVT S",490000,83000,Petrol,Manual,Ahmedabad,Sedan,2015,10
"2011 Toyota Etios VX",340000,63000,Petrol,Manual,Ahmedabad,Sedan,2011,7
"2017 Maruti Ciaz Petrol",563000,97819,Diesel,Manual,Ahmedabad,Sedan,2017,24
"2013 Honda Amaze S i-Dtech",330000,70000,Diesel,Manual,Ahmedabad,Sedan,2013,20
"2011 Toyota Etios VX",340000,63000,Petrol,Manual,Ahmedabad,Sedan,2011,18
"2017 Maruti Ciaz Petrol",563000,97819,Diesel,Manual,Ahmedabad,Sedan,2017,25
"2013 Honda Amaze S i-Dtech",330000,70000,Diesel,Manual,Ahmedabad,Sedan,2013,13
"2015 Honda Amaze S i-Dtech",325000,61000,Diesel,Manual,Ahmedabad,Sedan,2015,9
"2019 Maruti Swift Dzire AMT VXI",570000,58900,Petrol,Automatic,Ahmedabad,Sedan,2019,27
"2017 Honda City i VTEC VX",695000,60000,Petrol,Manual,Ahmedabad,Sedan,2017,24
"2019 Honda Amaze VX i-VTEC",602000,19573,Petrol,Manual,Ahmedabad,Sedan,2019,31
"2016 Hyundai Xcent Petrol",434999,55522,Petrol,Manual,Ahmedabad,Sedan,2016,30
"2023 Tata Tigor 1.2 Revotron XZ",733000,25408,Petrol,Manual,Ahmedabad,Sedan,2023,24
"2016 Maruti Swift Dzire VDI",525000,73000,Diesel,Manual,Ahmedabad,Sedan,2016,25
"2018 Maruti Dzire VXI",546000,44730,Petrol,Manual,Ahmedabad,Sedan,2018,22
"2017 Maruti Ciaz 1.3 S",675000,73000,Diesel,Manual,Ahmedabad,Sedan,2017,25
"2018 Volkswagen Ameo 1.5 TDI Trendline",495000,77140,Diesel,Manual,Ahmedabad,Sedan,2018,31
"2015 Maruti Swift Dzire VXI",446000,63279,Petrol,Manual,Ahmedabad,Sedan,2015,23
"2019 Maruti Dzire VXI",548000,44968,Petrol,Manual,Ahmedabad,Sedan,2019,16
"2020 Ford Aspire 1.2 Ti-VCT Titanium",505000,46836,Petrol,Manual,Ahmedabad,Sedan,2020,30
"2022 Tata Tigor 1.2 Revotron XZ",678000,38650,Petrol,Manual,Ahmedabad,Sedan,2022,21
"2015 Honda Amaze S i-Vtech",360000,68460,Petrol,Manual,Ahmedabad,Sedan,2015,7
"2018 Hyundai Xcent Petrol",541000,56554,Petrol,Manual,Ahmedabad,Sedan,2018,17
"2014 Honda Amaze S i-VTEC",370000,62511,Petrol,Manual,Ahmedabad,Sedan,2014,7
"2021 Maruti Ciaz Petrol",847000,29366,Diesel,Manual,Ahmedabad,Sedan,2021,29
"2013 Maruti Swift Dzire VXI",281000,101101,Petrol,Manual,Ahmedabad,Sedan,2013,16
"2017 Maruti Swift Dzire VXI",459999,94606,Petrol,Manual,Ahmedabad,Sedan,2017,12
"2015 Honda Amaze S i-Vtech",392000,83221,Petrol,Manual,Ahmedabad,Sedan,2015,28
"2015 Skoda Rapid 1.6 MPI Ambition",490000,79000,Petrol,Manual,Ahmedabad,Sedan,2015,26
"2014 Honda City SV MT",425000,86602,Petrol,Manual,Ahmedabad,Sedan,2014,14
"2018 Hyundai Verna VTVT 1.6 AT SX Option",825000,45700,Petrol,Automatic,Ahmedabad,Sedan,2018,11
"2015 Honda Amaze VX i-VTEC",501999,36612,Petrol,Manual,Ahmedabad,Sedan,2015,30
"2016 Hyundai Xcent Petrol",429000,86870,Petrol,Manual,Ahmedabad,Sedan,2016,10
"2015 Honda Amaze S i-Vtech",362000,98714,Petrol,Manual,Ahmedabad,Sedan,2015,30
"2015 Maruti Ciaz VDi Plus SHVS",495000,84000,Diesel,Manual,Ahmedabad,Sedan,2015,12
"2019 Maruti Dzire ZXI",603000,60608,Petrol,Manual,Ahmedabad,Sedan,2019,13
"2020 Honda Amaze VX i-VTEC",567000,59663,Petrol,Manual,Ahmedabad,Sedan,2020,25
"2016 Hyundai Verna 1.6 CRDi SX",525000,60000,Diesel,Manual,Ahmedabad,Sedan,2016,27
"2014 Hyundai Verna 1.6 CRDi SX",497000,82789,Diesel,Manual,Ahmedabad,Sedan,2014,30
"2013 Hyundai Verna 1.6 CRDi SX",493000,90887,Diesel,Manual,Ahmedabad,Sedan,2013,12
"2016 Honda Amaze VX i-VTEC",513000,43926,Petrol,Manual,Ahmedabad,Sedan,2016,15
"2022 Hyundai Verna SX Diesel",1275000,54000,Diesel,Manual,Ahmedabad,Sedan,2022,8
"2017 Maruti Swift Dzire AMT VDI",575000,66500,Diesel,Automatic,Ahmedabad,Sedan,2017,13
"2019 Maruti Ciaz Petrol",733000,49951,Diesel,Manual,Ahmedabad,Sedan,2019,8
"2016 Honda City i VTEC CVT SV",590000,72000,Petrol,Automatic,Ahmedabad,Sedan,2016,22
"2018 Maruti Dzire VXI",536000,68949,Petrol,Manual,Ahmedabad,Sedan,2018,27
"2017 Maruti Dzire VXI",516000,67074,Petrol,Manual,Ahmedabad,Sedan,2017,11
"2017 Honda City i DTec V",591000,95109,Diesel,Manual,Ahmedabad,Sedan,2017,21
"2019 Hyundai Verna 1.6 CRDi SX",941000,53721,Diesel,Manual,Ahmedabad,Sedan,2019,13
"2016 Honda City SV MT",507000,62449,Petrol,Manual,Ahmedabad,Sedan,2016,20
"2017 Maruti Ciaz Petrol",515000,84306,Diesel,Manual,Ahmedabad,Sedan,2017,7
"2019 Maruti Ciaz Petrol",623000,91837,Diesel,Manual,Ahmedabad,Sedan,2019,17
"2018 Maruti Dzire VXI",550000,56114,Petrol,Manual,Ahmedabad,Sedan,2018,9
"2016 Honda Amaze VX i-Vtech",370000,93191,Petrol,Manual,Ahmedabad,Sedan,2016,10
"2022 Audi A4 Premium Plus",3150000,48214,Petrol,Automatic,Ahmedabad,Sedan,2022,18
"2017 Honda City i-VTEC CVT ZX",775000,71000,Petrol,Automatic,Ahmedabad,Sedan,2017,29
"2017 Honda City i VTEC VX",775000,81000,Petrol,Manual,Ahmedabad,Sedan,2017,7
"2015 Honda Amaze S i-VTEC",381000,102229,Petrol,Manual,Ahmedabad,Sedan,2015,20
"2017 Maruti Ciaz Petrol",495000,103746,Diesel,Manual,Ahmedabad,Sedan,2017,21
"2019 Maruti Dzire ZXI Plus",622000,79743,Petrol,Manual,Ahmedabad,Sedan,2019,13
"2018 Honda City i-VTEC CVT VX",725000,75000,Petrol,Automatic,Ahmedabad,Sedan,2018,23
"2014 Volkswagen Vento Petrol Comfortline",415000,58609,Petrol,Manual,Ahmedabad,Sedan,2014,17
"2012 Toyota Corolla Altis G AT",550000,80000,Petrol,Automatic,Ahmedabad,Sedan,2012,8
"2019 Honda Amaze VX i-VTEC",567000,117252,Petrol,Manual,Ahmedabad,Sedan,2019,11
"2019 Audi A4 35 TDI Premium Plus",2600000,51000,Diesel,Automatic,Ahmedabad,Sedan,2019,24
"2017 Maruti Dzire ZXI Plus",534000,96374,Petrol,Manual,Ahmedabad,Sedan,2017,29
"2023 Hyundai Verna SX Opt",1425000,49853,Petrol,Manual,Ahmedabad,Sedan,2023,19
"2015 Maruti Ciaz VXi Plus",451000,53932,Petrol,Manual,Ahmedabad,Sedan,2015,23
"2014 Honda City i VTEC CVT SV",521000,92000,Petrol,Automatic,Ahmedabad,Sedan,2014,28
"2018 Toyota Corolla Altis 1.8 VL CVT",1049000,71000,Petrol,Automatic,Ahmedabad,Sedan,2018,16
"2016 Skoda Rapid 1.5 TDI Active",445000,85000,Diesel,Manual,Ahmedabad,Sedan,2016,12
"2016 Volkswagen Vento Diesel Comfortline",528000,93096,Diesel,Manual,Ahmedabad,Sedan,2016,30
"2015 Honda Amaze S Diesel",350000,47800,Diesel,Manual,Ahmedabad,Sedan,2015,8
"2017 Honda Amaze VX CVT i-VTEC",495000,45000,Petrol,Automatic,Ahmedabad,Sedan,2017,20
"2018 Audi A6 35 TDI",3150000,48091,Diesel,Automatic,Ahmedabad,Sedan,2018,18
"2018 Honda City i-VTEC CVT V",750000,75000,Petrol,Automatic,Ahmedabad,Sedan,2018,25
"2016 Honda Amaze VX i-Vtech",451000,90925,Petrol,Manual,Ahmedabad,Sedan,2016,14
"2015 Maruti Swift Dzire VXI",465000,96000,Petrol,Manual,Ahmedabad,Sedan,2015,11
"2017 Hyundai Verna VTVT 1.6 AT SX Option",713000,98164,Petrol,Automatic,Ahmedabad,Sedan,2017,10
"2015 Maruti Swift Dzire VDI",476999,99695,Diesel,Manual,Ahmedabad,Sedan,2015,9
"2014 BMW 5 Series 520d Luxury Line",1600000,136000,Diesel,Automatic,Ahmedabad,Sedan,2014,10
"2017 Audi A4 35 TDI Technology",2250000,96078,Diesel,Automatic,Ahmedabad,Sedan,2017,14
"2015 Honda Amaze S i-Dtech",450000,90000,Diesel,Manual,Ahmedabad,Sedan,2015,12
"2019 Hyundai Verna SX IVT Opt",856000,70823,Petrol,Automatic,Ahmedabad,Sedan,2019,8
"2020 Honda Amaze S Petrol BSIV",550000,22178,Petrol,Manual,Ahmedabad,Sedan,2020,25
"2017 Hyundai Xcent 1.1 CRDi S",525000,60000,Diesel,Manual,Ahmedabad,Sedan,2017,17
"2015 Hyundai Xcent 1.2 Kappa SX",390000,90000,Petrol,Manual,Ahmedabad,Sedan,2015,28
"2015 Audi A6 35 TDI",1675000,67000,Diesel,Automatic,Ahmedabad,Sedan,2015,10
"2015 Audi A6 35 TDI Technology",2050000,77313,Diesel,Automatic,Ahmedabad,Sedan,2015,10
"2016 Skoda Rapid 1.5 TDI AT Ambition",475000,55000,Diesel,Automatic,Ahmedabad,Sedan,2016,13
"2017 Honda City i VTEC VX",650000,64000,Petrol,Manual,Ahmedabad,Sedan,2017,27
"2023 Hyundai Verna SX Turbo DCT",1451000,13429,Petrol,Automatic,Ahmedabad,Sedan,2023,14
"2018 Honda Amaze S i-VTEC",575000,64000,Petrol,Manual,Ahmedabad,Sedan,2018,8
"2017 Honda City i-DTEC ZX",825000,73000,Diesel,Manual,Ahmedabad,Sedan,2017,17
"2013 Maruti Swift Dzire ZXI",375000,69000,Petrol,Manual,Ahmedabad,Sedan,2013,29
"2016 Hyundai Xcent 1.2 Kappa S",395000,75000,Petrol,Manual,Ahmedabad,Sedan,2016,14
"2017 Volkswagen Ameo Cup Edition Comfortline",411000,108295,Petrol,Manual,Ahmedabad,Sedan,2017,28
"2011 Honda City 1.5 S MT",350000,75000,Petrol,Manual,Ahmedabad,Sedan,2011,14
"2014 Honda Amaze E i-Dtech",370000,70000,Diesel,Manual,Ahmedabad,Sedan,2014,29
"2021 BMW 5 Series 520d Luxury Line",4900000,35000,Diesel,Automatic,Ahmedabad,Sedan,2021,23
"2024 Hyundai Verna SX Opt Turbo DCT",1725000,15000,Petrol,Automatic,Ahmedabad,Sedan,2024,19
"2014 Honda City i VTEC S",475000,65000,Petrol,Manual,Ahmedabad,Sedan,2014,22
"2014 Hyundai Xcent 1.2 Kappa S Option",375000,61000,Petrol,Manual,Ahmedabad,Sedan,2014,21
"2020 Volkswagen Vento Red And White Edition",750000,111219,Petrol,Automatic,Ahmedabad,Sedan,2020,31
"2023 Audi A6 45 TFSI Technology BSVI",4900000,31000,Petrol,Automatic,Ahmedabad,Sedan,2023,11
"2015 Maruti Ciaz ZXi",564000,43256,Petrol,Manual,Ahmedabad,Sedan,2015,31
"2014 Honda Amaze 2nd Gen S",392000,106177,Petrol,Manual,Ahmedabad,Sedan,2014,15
"2013 Volkswagen Jetta 1.4 TSI Comfortline",475000,50000,Petrol,Manual,Ahmedabad,Sedan,2013,28
"2011 Maruti Swift Dzire ZXi",240000,105031,Petrol,Manual,Ahmedabad,Sedan,2011,10
"2020 Tata Tigor 1.2 Revotron XZA",570000,44056,Petrol,Automatic,Ahmedabad,Sedan,2020,11
"2017 Honda City i-VTEC CVT ZX",850000,34000,Petrol,Automatic,Ahmedabad,Sedan,2017,20
"2016 Maruti Swift Dzire VXI",425000,85000,Petrol,Manual,Ahmedabad,Sedan,2016,7
"2015 Honda City VX MT",597000,37365,Petrol,Manual,Ahmedabad,Sedan,2015,22
"2019 Honda Amaze S Petrol BSIV",625000,27000,Petrol,Manual,Ahmedabad,Sedan,2019,7
"2020 Maruti Ciaz Alpha BSVI",725000,88000,Petrol,Manual,Ahmedabad,Sedan,2020,11
"2019 Hyundai Xcent 1.2 VTVT S",475000,63033,Petrol,Manual,Ahmedabad,Sedan,2019,26
"2018 Honda Amaze S Petrol BSIV",480999,79467,Petrol,Manual,Ahmedabad,Sedan,2018,19
"2014 Tata Zest Quadrajet 1.3 XMA",215000,114000,Diesel,Automatic,Ahmedabad,Sedan,2014,8
"2020 Hyundai Aura S",558000,47660,Petrol,Manual,Ahmedabad,Sedan,2020,26
"2015 Maruti Ciaz VXi",454000,69879,Petrol,Manual,Ahmedabad,Sedan,2015,24
"2015 Honda Amaze VX i-Vtech",325000,86000,Petrol,Manual,Ahmedabad,Sedan,2015,12
"2019 Honda Amaze S Petrol BSIV",499000,80719,Petrol,Manual,Ahmedabad,Sedan,2019,7
"2014 Maruti Swift Dzire VXI",369000,90264,Petrol,Manual,Ahmedabad,Sedan,2014,18
"2018 Maruti Swift Dzire VXI 1.2",480000,74234,Petrol,Manual,Ahmedabad,Sedan,2018,10
"2013 Audi A6 2.0 TDI",1395000,38000,Diesel,Automatic,Ahmedabad,Sedan,2013,18
"2015 Honda City i VTEC CVT VX",501000,91492,Petrol,Automatic,Ahmedabad,Sedan,2015,25
"2012 Nissan Sunny XL",300000,69795,Petrol,Manual,Ahmedabad,Sedan,2012,15
"2015 Honda City i VTEC V",473000,72976,Petrol,Manual,Ahmedabad,Sedan,2015,20
"2015 Honda City i VTEC V",470000,50115,Petrol,Manual,Ahmedabad,Sedan,2015,24
"2019 Honda Amaze V CVT Diesel BSIV",550000,77000,Diesel,Automatic,Ahmedabad,Sedan,2019,28
"2015 Maruti Ciaz ZDi",550000,55000,Diesel,Manual,Ahmedabad,Sedan,2015,13
"2017 Hyundai Verna CRDi 1.6 AT EX",825000,62000,Diesel,Automatic,Ahmedabad,Sedan,2017,25
"2022 Hyundai Verna SX IVT",1150000,50000,Petrol,Automatic,Ahmedabad,Sedan,2022,29
"2019 Maruti Ciaz Delta BSIV",582000,71648,Petrol,Manual,Ahmedabad,Sedan,2019,12
"2015 Hyundai Verna 1.6 VTVT S Option",578000,61471,Petrol,Manual,Ahmedabad,Sedan,2015,17
"2014 Skoda Rapid 1.5 TDI AT Ambition",590000,89000,Diesel,Automatic,Ahmedabad,Sedan,2014,19
"2012 Toyota Corolla Altis Diesel D4DG",425000,75000,Diesel,Manual,Ahmedabad,Sedan,2012,11
"2019 Honda City i-DTEC VX",1050000,45000,Diesel,Manual,Ahmedabad,Sedan,2019,17
"2021 Skoda Rapid 1.0 TSI Ambition AT",775000,64708,Petrol,Automatic,Ahmedabad,Sedan,2021,21
"2017 BMW 3 Series 320d",1900000,73000,Diesel,Automatic,Ahmedabad,Sedan,2017,21
"2014 BMW 5 Series 520d Modern Line",1675000,62900,Diesel,Automatic,Ahmedabad,Sedan,2014,13
"2011 Audi A7 3.0 TDI Quattro",1155000,142000,Diesel,Automatic,Ahmedabad,Sedan,2011,19
"2016 Hyundai Verna 1.6 CRDi SX",645000,72000,Diesel,Manual,Ahmedabad,Sedan,2016,25
"2020 Hyundai Aura S",640000,34000,Petrol,Manual,Ahmedabad,Sedan,2020,13
"2013 Toyota Etios V",300000,65000,Petrol,Manual,Ahmedabad,Sedan,2013,8
"2014 Honda Amaze E i-Dtech",340000,81000,Diesel,Manual,Ahmedabad,Sedan,2014,17
"2023 Volkswagen Virtus Topline AT",1427000,7185,Petrol,Automatic,Ahmedabad,Sedan,2023,7
"2017 Maruti Swift Dzire AMT VDI",595000,67000,Diesel,Automatic,Ahmedabad,Sedan,2017,28
"2023 Tata Tigor EV XZ Plus",950000,25000,Electric,Automatic,Ahmedabad,Sedan,2023,13
"2022 Skoda Slavia 1.5 TSI Style",1168000,19851,Petrol,Manual,Ahmedabad,Sedan,2022,25
"2016 Toyota Etios GD",450000,65000,Diesel,Manual,Ahmedabad,Sedan,2016,30
"2016 Hyundai Verna 1.6 CRDi SX",500000,71000,Diesel,Manual,Ahmedabad,Sedan,2016,18
"2014 Maruti Swift Dzire VXI",388000,73391,Petrol,Manual,Ahmedabad,Sedan,2014,17
"2014 Nissan Sunny Diesel XL",270000,74000,Diesel,Manual,Ahmedabad,Sedan,2014,26
"2020 Hyundai Aura S Diesel",578000,46613,Diesel,Manual,Ahmedabad,Sedan,2020,22
"2016 Tata Zest Revotron 1.2T XM",375000,94000,Petrol,Manual,Ahmedabad,Sedan,2016,25
"2019 Honda City ZX MT",890000,34000,Petrol,Manual,Ahmedabad,Sedan,2019,29
"2017 Maruti Swift Dzire VDI",447000,80842,Diesel,Manual,Ahmedabad,Sedan,2017,15
"2022 Mercedes-Benz A-Class Limousine A 200d",3875000,36200,Diesel,Automatic,Ahmedabad,Sedan,2022,28
"2023 Hyundai Verna SX",1325000,18000,Petrol,Manual,Ahmedabad,Sedan,2023,16
"2017 Tata Tigor 1.2 Revotron XZ Option",375000,68200,Petrol,Manual,Ahmedabad,Sedan,2017,12
"2014 Volkswagen Vento 1.5 TDI Highline",409999,54000,Diesel,Manual,Ahmedabad,Sedan,2014,30
"2017 Volkswagen Vento 1.5 TDI Highline AT",610000,115000,Diesel,Automatic,Ahmedabad,Sedan,2017,8
"2016 Honda City i DTec SV",525000,58000,Diesel,Manual,Ahmedabad,Sedan,2016,20
"2016 Honda City i VTEC SV",565000,57000,Petrol,Manual,Ahmedabad,Sedan,2016,20
"2018 Nissan Sunny Diesel XL",432000,45935,Diesel,Manual,Ahmedabad,Sedan,2018,7
"2015 Skoda Octavia 1.8 TSI AT Style Plus",890000,55000,Petrol,Automatic,Ahmedabad,Sedan,2015,17
"2021 Volkswagen Vento 1.0 TSI Highline Plus AT",805000,45212,Petrol,Automatic,Ahmedabad,Sedan,2021,9
"2019 Hyundai Verna VTVT 1.4 E",715000,75000,Petrol,Manual,Ahmedabad,Sedan,2019,11
"2021 Hyundai Aura SX Plus AMT",725000,24000,Petrol,Automatic,Ahmedabad,Sedan,2021,24
"2017 Honda City i DTec V",675000,88000,Diesel,Manual,Ahmedabad,Sedan,2017,29
"2013 Audi A4 2.0 TDI",1250000,74000,Diesel,Automatic,Ahmedabad,Sedan,2013,15
"2017 Nissan Sunny Diesel XE",408000,90627,Diesel,Manual,Ahmedabad,Sedan,2017,8
"2016 Maruti Ciaz ZDi SHVS",551000,69000,Diesel,Manual,Ahmedabad,Sedan,2016,14
"2019 Honda City i-VTEC CVT VX",753000,69874,Petrol,Automatic,Ahmedabad,Sedan,2019,15
"2013 Maruti SX4 Vxi BSIV",250000,76000,Petrol,Manual,Ahmedabad,Sedan,2013,25
"2017 Maruti Ciaz 1.3 Delta",635000,60000,Diesel,Manual,Ahmedabad,Sedan,2017,23
"2014 Hyundai Verna 1.6 CRDi EX MT",525000,75000,Diesel,Manual,Ahmedabad,Sedan,2014,9
"2018 Skoda Rapid 1.5 TDI AT Style BSIV",875000,88000,Diesel,Automatic,Ahmedabad,Sedan,2018,20
"2021 Hyundai Verna SX AT Diesel",1195000,87000,Diesel,Automatic,Ahmedabad,Sedan,2021,15
"2019 Volkswagen Vento 1.5 TDI Highline Plus AT",875000,73000,Diesel,Automatic,Ahmedabad,Sedan,2019,10
"2017 Maruti Swift Dzire VDI",500000,68000,Diesel,Manual,Ahmedabad,Sedan,2017,23
"2017 Hyundai Verna CRDi 1.6 EX",675000,85000,Diesel,Manual,Ahmedabad,Sedan,2017,28
"2018 Hyundai Xcent 1.2 CRDi S",450000,68000,Diesel,Manual,Ahmedabad,Sedan,2018,16
"2013 Audi A4 2.0 TDI",994999,72000,Diesel,Automatic,Ahmedabad,Sedan,2013,16
"2018 Honda Amaze VX i DTEC",602000,43580,Diesel,Manual,Ahmedabad,Sedan,2018,23
"2021 Maruti Swift Dzire ZXI BSVI",630000,27000,Petrol,Manual,Ahmedabad,Sedan,2021,12
"2015 Honda City i DTEC V",500000,50000,Diesel,Manual,Ahmedabad,Sedan,2015,9
"2022 Skoda Slavia 1.0 TSI Ambition AT BSVI",1150000,26000,Petrol,Automatic,Ahmedabad,Sedan,2022,26
"2010 Toyota Corolla Altis Diesel D4DG",350000,61000,Diesel,Manual,Ahmedabad,Sedan,2010,23
"2022 BMW 2 Series 220i M Sport BSVI",3350000,13110,Petrol,Automatic,Ahmedabad,Sedan,2022,31
"2015 Tata Zest Revotron 1.2 XT",260000,51000,Petrol,Manual,Ahmedabad,Sedan,2015,30
"2011 Toyota Etios VX",235000,52000,Petrol,Manual,Ahmedabad,Sedan,2011,27
"2022 Honda City V MT",849000,46804,Petrol,Manual,Ahmedabad,Sedan,2022,10
"2012 Hyundai Verna 1.6 SX",350000,75000,Diesel,Manual,Ahmedabad,Sedan,2012,15
"2022 Tata Tigor XZ CNG BSVI",775000,25000,CNG,Manual,Ahmedabad,Sedan,2022,14
"2018 Toyota Corolla Altis 1.8 G",800000,85000,Petrol,Manual,Ahmedabad,Sedan,2018,19
"2011 Maruti Swift Dzire VXI 1.2",240000,94747,Petrol,Manual,Ahmedabad,Sedan,2011,20
"2023 Maruti Swift Dzire ZXI CNG BSVI",790000,45000,CNG,Manual,Ahmedabad,Sedan,2023,10
"2011 Honda City CNG",225000,106800,CNG,Manual,Ahmedabad,Sedan,2011,11
"2006 Honda City CVT",175000,65000,Petrol,Automatic,Ahmedabad,Sedan,2006,16
"2012 Maruti Swift Dzire VXI",327000,99495,Petrol,Manual,Ahmedabad,Sedan,2012,18
"2019 Hyundai Xcent Petrol",594000,20639,Petrol,Manual,Ahmedabad,Sedan,2019,9
"2022 Honda Amaze S i-VTEC",616000,39451,Petrol,Manual,Ahmedabad,Sedan,2022,8
"2012 Maruti Swift Dzire VXI",342000,44539,Petrol,Manual,Ahmedabad,Sedan,2012,10
"2017 Honda City V MT Diesel",629000,100869,Diesel,Manual,Ahmedabad,Sedan,2017,17
"2019 Hyundai Xcent Petrol",476000,101948,Petrol,Manual,Ahmedabad,Sedan,2019,25
"2015 Honda Amaze S i-VTEC",395000,66934,Petrol,Manual,Ahmedabad,Sedan,2015,15
"2017 Maruti Ciaz VXi",614000,31543,Petrol,Manual,Ahmedabad,Sedan,2017,22
"2017 Maruti Dzire VXI",530000,74880,Petrol,Manual,Ahmedabad,Sedan,2017,31
"2019 Maruti Ciaz Petrol",783000,29392,Diesel,Manual,Ahmedabad,Sedan,2019,31
"2017 Maruti Ciaz Petrol",552000,73308,Diesel,Manual,Ahmedabad,Sedan,2017,9
"2016 Maruti Ciaz ZXi",505000,93848,Petrol,Manual,Ahmedabad,Sedan,2016,20
"2013 Volkswagen Vento Petrol Highline",432000,76049,Petrol,Manual,Ahmedabad,Sedan,2013,14
"2018 Volkswagen Ameo 1.0 MPI Highline Plus",471000,105409,Petrol,Manual,Ahmedabad,Sedan,2018,30
"2014 Audi A3 35 TDI Attraction",1290000,41000,Diesel,Automatic,Ahmedabad,Sedan,2014,26
"2017 Honda Amaze S i-DTEC",462000,71337,Diesel,Manual,Ahmedabad,Sedan,2017,8
"2020 Skoda Superb Petrol Ambition",708000,65506,Petrol,Manual,Ahmedabad,Sedan,2020,30
"2023 Maruti Ciaz Alpha AT",1031000,6000,Petrol,Automatic,Ahmedabad,Sedan,2023,19
"2018 Maruti Swift Dzire VXI 1.2",525000,48500,Petrol,Manual,Ahmedabad,Sedan,2018,26
"2017 Maruti Swift Dzire VDI",475000,90120,Diesel,Manual,Ahmedabad,Sedan,2017,13
"2017 Hyundai Verna 1.6 CRDi SX",699000,82000,Diesel,Manual,Ahmedabad,Sedan,2017,8
"2017 Honda City i-DTEC ZX",750000,62000,Diesel,Manual,Ahmedabad,Sedan,2017,19
"2013 Maruti Swift Dzire VXI",350000,37810,Petrol,Manual,Ahmedabad,Sedan,2013,17
"2015 Honda City i VTEC V",595000,50000,Petrol,Manual,Ahmedabad,Sedan,2015,18
"2014 Honda City i VTEC V",391000,90023,Petrol,Manual,Ahmedabad,Sedan,2014,7
"2016 Hyundai Verna 1.6 CRDi SX",575000,118513,Diesel,Manual,Ahmedabad,Sedan,2016,25
"2015 Honda City i VTEC V",475000,95243,Petrol,Manual,Ahmedabad,Sedan,2015,22
"2016 Hyundai Verna 1.6 CRDi S",565000,63000,Diesel,Manual,Ahmedabad,Sedan,2016,30
"2018 Hyundai Xcent 1.2 VTVT SX",575000,32000,Petrol,Manual,Ahmedabad,Sedan,2018,26
"2020 Maruti Swift Dzire VXI 1.2",549000,61434,Petrol,Manual,Ahmedabad,Sedan,2020,10
"2017 Honda City i-VTEC SV",700000,17000,Petrol,Manual,Ahmedabad,Sedan,2017,16
"2014 Maruti Swift Dzire VXI",425000,58000,Petrol,Manual,Ahmedabad,Sedan,2014,18
"2016 Hyundai Xcent 1.2 CRDi S",425000,65300,Diesel,Manual,Ahmedabad,Sedan,2016,8
"2017 Maruti Swift Dzire AMT ZDI",625000,57000,Diesel,Automatic,Ahmedabad,Sedan,2017,7
"2015 Honda City i DTEC SV",570000,67100,Diesel,Manual,Ahmedabad,Sedan,2015,30
"2015 Honda City i DTEC VX",651000,80000,Diesel,Manual,Ahmedabad,Sedan,2015,20
"2017 Maruti Ciaz Delta Diesel",690000,63000,Diesel,Automatic,Ahmedabad,Sedan,2017,29
"2018 Honda City i-DTEC SV",725000,62400,Diesel,Manual,Ahmedabad,Sedan,2018,29
"2014 Tata Zest Revotron 1.2 XT",240000,61000,Petrol,Manual,Ahmedabad,Sedan,2014,26
"2016 Maruti Swift Dzire VXI",434999,68941,Petrol,Manual,Ahmedabad,Sedan,2016,13
"2021 Hyundai Aura S",615000,46000,Petrol,Manual,Ahmedabad,Sedan,2021,29
"2018 Maruti Swift Dzire VDI",650000,66000,Diesel,Manual,Ahmedabad,Sedan,2018,23
"2019 Honda City i-VTEC ZX",799000,21199,Petrol,Manual,Ahmedabad,Sedan,2019,23
"2014 Volkswagen Vento Diesel Highline",395000,73000,Diesel,Manual,Ahmedabad,Sedan,2014,15
"2018 Hyundai Verna CRDi 1.6 SX Option",850000,73200,Diesel,Manual,Ahmedabad,Sedan,2018,22
"2022 Skoda Slavia 1.0 TSI Style AT BSVI",1186000,32986,Petrol,Automatic,Ahmedabad,Sedan,2022,10
"2011 Volkswagen Vento Petrol Comfortline",280000,112500,Petrol,Manual,Ahmedabad,Sedan,2011,27
"2015 Hyundai Xcent 1.2 Kappa SX",375000,56000,Petrol,Manual,Ahmedabad,Sedan,2015,22
"2021 Honda Amaze V CVT Petrol",750000,58000,Petrol,Automatic,Ahmedabad,Sedan,2021,24
"2022 Volkswagen Virtus GT Plus DSG BSVI",1352000,27475,Petrol,Automatic,Ahmedabad,Sedan,2022,23
"2023 Volkswagen Virtus Topline",1251000,33000,Petrol,Manual,Ahmedabad,Sedan,2023,12
"2015 Tata Indigo LS TDI BSIII",165000,110000,Diesel,Manual,Ahmedabad,Sedan,2015,8
"2017 Hyundai Verna CRDi 1.6 SX Option",675000,68200,Diesel,Manual,Ahmedabad,Sedan,2017,21
"2013 Honda City V MT",365000,74000,Petrol,Manual,Ahmedabad,Sedan,2013,27
"2011 Honda City V MT",300000,59000,Petrol,Manual,Ahmedabad,Sedan,2011,14
"2016 Audi A3 35 TDI Attraction",799000,73700,Diesel,Automatic,Ahmedabad,Sedan,2016,7
"2016 Tata Indigo LX BSIV",105000,120000,Diesel,Manual,Ahmedabad,Sedan,2016,12
"2023 Maruti Swift Dzire Tour S CNG",725000,57800,CNG,Manual,Ahmedabad,Sedan,2023,7
"2010 Tata Manza Aura Safire",175000,54000,Petrol,Manual,Ahmedabad,Sedan,2010,19
"2011 Toyota Corolla Altis 1.8 J",265000,98000,Petrol,Manual,Ahmedabad,Sedan,2011,19
"2019 Hyundai Verna CRDi 1.6 AT SX Option",925000,62500,Diesel,Automatic,Ahmedabad,Sedan,2019,28
"2022 Tata Tigor XZ Plus CNG BSVI",660000,39086,CNG,Manual,Ahmedabad,Sedan,2022,27
"2013 Volkswagen Vento Petrol Highline",300000,76000,Petrol,Manual,Ahmedabad,Sedan,2013,22
"2017 Honda Amaze 2nd Gen VX",500000,75203,Petrol,Manual,Ahmedabad,Sedan,2017,21
"2019 Honda Amaze VX i DTEC",662000,35373,Diesel,Manual,Ahmedabad,Sedan,2019,9
"2014 Honda Amaze VX i-VTEC",434999,36778,Petrol,Manual,Ahmedabad,Sedan,2014,26
"2018 Honda Amaze S i-VTEC",429000,47468,Petrol,Manual,Ahmedabad,Sedan,2018,21
"2022 Skoda Slavia 1.5 TSI Style AT",1244000,25552,Petrol,Automatic,Ahmedabad,Sedan,2022,19
"2016 Honda Amaze SX i VTEC",430999,55884,Petrol,Manual,Ahmedabad,Sedan,2016,25
"2014 Maruti Swift Dzire VXI CNG",386000,64817,CNG,Manual,Ahmedabad,Sedan,2014,11
"2021 Honda Amaze VX i-VTEC",683000,37953,Petrol,Manual,Ahmedabad,Sedan,2021,23
"2013 Honda Amaze S i-VTEC",336000,102471,Petrol,Manual,Ahmedabad,Sedan,2013,25
"2022 Skoda Octavia 1.8 TSI AT L K",2304000,35747,Petrol,Automatic,Ahmedabad,Sedan,2022,23
"2017 Volkswagen Vento Petrol Highline AT",637000,49706,Petrol,Automatic,Ahmedabad,Sedan,2017,12
"2018 BMW 3 Series GT Luxury Line",1975000,50000,Diesel,Automatic,Ahmedabad,Sedan,2018,10
"2019 Ford Aspire 1.2 Ti-VCT Titanium",470000,56215,Petrol,Manual,Ahmedabad,Sedan,2019,29
"2017 Honda City SV MT",589000,74773,Petrol,Manual,Ahmedabad,Sedan,2017,11
"2016 Maruti Ciaz ZXi",478000,94826,Petrol,Manual,Ahmedabad,Sedan,2016,11
"2013 Hyundai Verna 1.6 CRDi SX",455999,91160,Diesel,Manual,Ahmedabad,Sedan,2013,16
"2017 Volkswagen Ameo 1.5 TDI Highline Plus AT",522000,105282,Diesel,Automatic,Ahmedabad,Sedan,2017,16
"2020 Maruti Ciaz Petrol",788000,56216,Diesel,Manual,Ahmedabad,Sedan,2020,26
"2018 Maruti Swift Dzire Tour 1.2 S STD",459999,89000,Petrol,Manual,Ahmedabad,Sedan,2018,25
"2016 Hyundai Verna 1.6 CRDi SX",631000,120633,Diesel,Manual,Ahmedabad,Sedan,2016,15
"2021 Honda City ZX MT",1111000,53935,Petrol,Manual,Ahmedabad,Sedan,2021,20
"2015 Honda City i VTEC CVT SV",570000,60000,Petrol,Automatic,Ahmedabad,Sedan,2015,21
"2022 Tata Tigor XM BSVI",540000,20000,Petrol,Manual,Ahmedabad,Sedan,2022,16
"2015 Audi A3 40 TFSI Premium Plus",1200000,90000,Petrol,Automatic,Ahmedabad,Sedan,2015,10
"2020 Skoda Rapid 1.0 TSI Ambition AT",650000,70000,Petrol,Automatic,Ahmedabad,Sedan,2020,21
"2019 Mercedes-Benz E-Class Exclusive E 220 d BSIV",5000000,120000,Diesel,Automatic,Ahmedabad,Sedan,2019,16
"2015 Maruti Ciaz 1.4 Sigma",370000,70000,Petrol,Manual,Ahmedabad,Sedan,2015,13
"2018 Ford Aspire Titanium Blu",340000,30000,Petrol,Manual,Ahmedabad,Sedan,2018,8
"2011 Honda City 1.5 S MT",180000,100000,Petrol,Manual,Ahmedabad,Sedan,2011,21
"2019 Mercedes-Benz E-Class Exclusive E 220 d BSIV",4300000,120000,Diesel,Automatic,Ahmedabad,Sedan,2019,26
"2023 Skoda Slavia 1.0 TSI Style BSVI",1150000,30000,Petrol,Manual,Ahmedabad,Sedan,2023,10
"2020 Maruti Swift Dzire VXI 1.2",650000,16100,Petrol,Manual,Ahmedabad,Sedan,2020,13
"2016 Honda City i DTec V",436000,160000,Diesel,Manual,Ahmedabad,Sedan,2016,31
"2018 Honda Amaze S Option i-VTEC",550000,114000,Petrol,Manual,Ahmedabad,Sedan,2018,9
"2016 Maruti Ciaz ZDi Plus SHVS",420000,160000,Diesel,Manual,Ahmedabad,Sedan,2016,19
"2019 Volvo S90 D4 Inscription",4011000,30000,Diesel,Automatic,Ahmedabad,Sedan,2019,14
"2016 Maruti Swift Dzire LDI",355000,120000,Diesel,Manual,Ahmedabad,Sedan,2016,30
"2015 Hyundai Xcent 1.2 Kappa S",308000,80000,Petrol,Manual,Ahmedabad,Sedan,2015,27
"2016 Mercedes-Benz CLA 200 Sport Edition",2000000,60000,Petrol,Automatic,Ahmedabad,Sedan,2016,15
"2021 Maruti Swift Dzire VXI BSVI",560000,40000,Petrol,Manual,Ahmedabad,Sedan,2021,12
"2017 Maruti Ciaz ZDi Plus SHVS",400000,160000,Diesel,Manual,Ahmedabad,Sedan,2017,8
"2017 Maruti Swift Dzire VXI",360000,80000,Petrol,Manual,Ahmedabad,Sedan,2017,22
"2019 Honda Amaze V Petrol BSIV",600000,60000,Petrol,Manual,Ahmedabad,Sedan,2019,31
"2010 Hyundai Verna CRDi SX",140000,150000,Diesel,Manual,Ahmedabad,Sedan,2010,7
"2015 Honda City i DTEC SV",420000,90000,Diesel,Manual,Ahmedabad,Sedan,2015,11
"2016 BMW 5 Series 530d M Sport",3000000,60000,Diesel,Automatic,Ahmedabad,Sedan,2016,27
"2015 Honda City i DTEC E",350000,50000,Diesel,Manual,Ahmedabad,Sedan,2015,22
"2013 Honda Amaze S i-Dtech",295000,60000,Diesel,Manual,Ahmedabad,Sedan,2013,20
"2009 Honda City 1.5 V AT Exclusive",245000,160000,Petrol,Automatic,Ahmedabad,Sedan,2009,28
"2022 Honda Amaze VX CVT Diesel",745000,70000,Diesel,Automatic,Ahmedabad,Sedan,2022,26
"2013 Honda Amaze S i-Vtech",250000,150000,Petrol,Manual,Ahmedabad,Sedan,2013,12
"2016 Volkswagen Ameo 1.5 TDI Highline AT",250000,150000,Diesel,Automatic,Ahmedabad,Sedan,2016,26
"2018 Hyundai Verna VTVT 1.6 SX Option",802000,40000,Petrol,Manual,Ahmedabad,Sedan,2018,11
"2017 Honda City i VTEC V",650000,60000,Petrol,Manual,Ahmedabad,Sedan,2017,20
"2014 Tata Zest Revotron 1.2T XMS",134000,100000,Petrol,Manual,Ahmedabad,Sedan,2014,13
"2016 Maruti Ciaz VDi Plus SHVS",401000,97000,Diesel,Manual,Ahmedabad,Sedan,2016,21
"2017 Volvo S60 D4 Momentum BSIV",1500000,100000,Diesel,Automatic,Ahmedabad,Sedan,2017,11
"2009 Audi A6 3.0 TFSI quattro",600000,80000,Petrol,Automatic,Ahmedabad,Sedan,2009,11
"2016 Maruti Swift Dzire VDI",375000,120000,Diesel,Manual,Ahmedabad,Sedan,2016,17
"2011 Mercedes-Benz E-Class E 250 Elegance",650000,150000,Petrol,Automatic,Ahmedabad,Sedan,2011,17
"2018 Ford Aspire 1.2 Ti-VCT Titanium",330000,80000,Petrol,Manual,Ahmedabad,Sedan,2018,30
"2017 Hyundai Elantra 1.6 SX",600000,120000,Diesel,Manual,Ahmedabad,Sedan,2017,17
"2012 Mercedes-Benz CLA 200 CDI Style",850000,120000,Diesel,Automatic,Ahmedabad,Sedan,2012,11
"2013 BMW 3 Series 320d Luxury Line",700000,80000,Diesel,Automatic,Ahmedabad,Sedan,2013,26
"2011 BMW 3 Series 320i",600000,150000,Petrol,Automatic,Ahmedabad,Sedan,2011,12
"2015 Mercedes-Benz C-Class C 220 CDI Avantgarde",2200000,50000,Diesel,Automatic,Ahmedabad,Sedan,2015,29
"2011 Maruti Swift Dzire VDi",204999,90000,Diesel,Manual,Ahmedabad,Sedan,2011,26
"2013 Hyundai Verna 1.6 CRDi EX AT",250000,120000,Diesel,Automatic,Ahmedabad,Sedan,2013,13
"2023 Maruti Swift Dzire ZXI BSVI",800000,66000,Petrol,Manual,Ahmedabad,Sedan,2023,29
"2014 Renault Fluence E2 D",552000,90000,Diesel,Manual,Ahmedabad,Sedan,2014,26
"2018 Hyundai Verna CRDi 1.6 AT SX Plus",680000,150000,Diesel,Automatic,Ahmedabad,Sedan,2018,9
"2022 Maruti Swift Dzire VXI BSVI",550000,50000,Petrol,Manual,Ahmedabad,Sedan,2022,12
"2017 Mercedes-Benz S-Class S 350 d",4290000,55000,Diesel,Automatic,"New Delhi",Sedan,2017,28
"2014 Mercedes-Benz S-Class S 500 L",4290000,81000,Petrol,Automatic,"New Delhi",Sedan,2014,21
"2014 Mercedes-Benz S-Class S 500 L",4290000,82000,Petrol,Automatic,"New Delhi",Sedan,2014,15
"2016 BMW 7 Series 730Ld Design Pure Excellence CBU",3890000,39000,Diesel,Automatic,"New Delhi",Sedan,2016,30
"2016 BMW 7 Series 730Ld Design Pure Excellence CBU",3890000,40000,Diesel,Automatic,"New Delhi",Sedan,2016,22
"2016 Mercedes-Benz S-Class S 350 d",3890000,61000,Diesel,Automatic,"New Delhi",Sedan,2016,15
"2014 Mercedes-Benz E-Class E 200 CGI",1889999,58000,Petrol,Automatic,"New Delhi",Sedan,2014,28
"2018 BMW 5 Series 530i Sport Line",3790000,61000,Petrol,Automatic,"New Delhi",Sedan,2018,13
"2016 BMW 5 Series 520i Luxury Line",2490000,55000,Petrol,Automatic,"New Delhi",Sedan,2016,27
"2018 BMW 5 Series 520d Sport Line",3390000,39000,Diesel,Automatic,"New Delhi",Sedan,2018,11
"2014 Jaguar XF 3.0 Litre S Premium Luxury",1689999,48000,Diesel,Automatic,"New Delhi",Sedan,2014,18
"2016 Jaguar XJ 2.0L Portfolio",4190000,23000,Petrol,Automatic,"New Delhi",Sedan,2016,28
"2017 Mercedes-Benz CLA 200 CDI Sport",2089999,48000,Diesel,Automatic,"New Delhi",Sedan,2017,28
"2015 Audi A6 35 TDI Premium",1490000,55000,Diesel,Automatic,"New Delhi",Sedan,2015,26
"2016 Mercedes-Benz C-Class C 200 CGI Avantgarde",2590000,66000,Petrol,Automatic,"New Delhi",Sedan,2016,15
"2018 Mercedes-Benz E-Class Exclusive E 220 d BSIV",3500000,68615,Diesel,Automatic,Gurgaon,Sedan,2018,16
"2015 Maruti Swift Dzire VXI 1.2",365000,56232,Petrol,Manual,"New Delhi",Sedan,2015,29
"2025 Mercedes-Benz S-Class S450 4Matic",1,5800,Petrol,Automatic,"New Delhi",Sedan,2025,16
"2022 Honda Amaze 2nd Gen VX CVT BSVI",790000,22120,Petrol,Automatic,"New Delhi",Sedan,2022,9
"2023 Mercedes-Benz A-Class Limousine A 200d BSVI",3950000,8500,Diesel,Automatic,"New Delhi",Sedan,2023,17
"2024 Hyundai Verna SX IVT",1490000,4000,Petrol,Automatic,"New Delhi",Sedan,2024,28
"2023 Honda Amaze 2nd Gen VX CVT",890000,17900,Petrol,Automatic,"New Delhi",Sedan,2023,31
"2023 Honda Amaze VX CVT BSVI",810000,30386,Petrol,Automatic,Ghaziabad,Sedan,2023,14
N/A,NULL,0,Unknown,Unknown,"Delhi NCR",Sedan,N/A,23
"2016 Honda Amaze 2nd Gen S",419000,51754,Petrol,Manual,Noida,Sedan,2016,13
"2020 Mercedes-Benz E-Class Exclusive E 200 BSIV",4450000,42000,Petrol,Automatic,"New Delhi",Sedan,2020,16
"2014 Honda Amaze 2nd Gen E",309000,41861,Petrol,Manual,Gurgaon,Sedan,2014,11
"2023 Honda Amaze 2nd Gen VX CVT",878999,10300,Petrol,Automatic,"New Delhi",Sedan,2023,24
"2022 Honda Amaze 2nd Gen VX CVT BSVI",690000,23417,Petrol,Automatic,Ghaziabad,Sedan,2022,7
"2015 Hyundai Elantra CRDi SX",378000,160000,Diesel,Manual,"New Delhi",Sedan,2015,31
"2022 Mercedes-Benz AMG C 63 Coupe",5300000,2600,Petrol,Automatic,"New Delhi",Sedan,2022,28
"2022 Honda Amaze 2nd Gen VX CVT BSVI",775000,13000,Petrol,Automatic,"New Delhi",Sedan,2022,17
"2013 Honda City V AT",380000,74000,Petrol,Automatic,"New Delhi",Sedan,2013,18
"2018 Audi A4 35 TDI Technology",1950000,60000,Diesel,Automatic,"New Delhi",Sedan,2018,9
"2015 Audi A4 35 TFSi Premium",1650000,14000,Petrol,Automatic,"New Delhi",Sedan,2015,7
"2015 Hyundai Xcent Petrol",385000,62206,Petrol,Manual,"New Delhi",Sedan,2015,26
"2019 Maruti Swift Dzire VXI 1.2",495000,48000,Petrol,Manual,Faridabad,Sedan,2019,28
"2017 Tata Tigor 1.05 Revotorq XZ Option",245000,48000,Diesel,Manual,"New Delhi",Sedan,2017,29
"2012 Hyundai Verna 1.6 VTVT SX",389000,50539,Petrol,Manual,Gurgaon,Sedan,2012,30
"2013 Honda City V AT",380000,74000,Petrol,Automatic,"New Delhi",Sedan,2013,8
"2015 Audi A4 35 TFSi Premium",1650000,14000,Petrol,Automatic,"New Delhi",Sedan,2015,17
"2019 BMW 5 Series 530i M Sport",4200000,34899,Petrol,Automatic,Gurgaon,Sedan,2019,7
"2013 Honda City i VTEC S",355000,59000,Petrol,Manual,Noida,Sedan,2013,26
"2015 Hyundai Xcent Petrol",385000,62206,Petrol,Manual,"New Delhi",Sedan,2015,30
"2013 Honda City i VTEC V",315000,88000,Petrol,Manual,Gurgaon,Sedan,2013,13
"2015 Maruti Swift Dzire VXI",368000,72075,Petrol,Manual,"New Delhi",Sedan,2015,18
"2023 Honda Amaze VX CVT BSVI",810000,30386,Petrol,Automatic,Ghaziabad,Sedan,2023,22
"2014 Honda Amaze S i-VTEC",345000,49002,Petrol,Manual,Gurgaon,Sedan,2014,24
"2023 Audi A6 45 TFSI Technology BSVI",5400000,10000,Petrol,Automatic,"New Delhi",Sedan,2023,24
"2022 Honda City V MT",1025000,32000,Petrol,Manual,"New Delhi",Sedan,2022,15
"2014 Maruti Swift Dzire ZXI",375000,44000,Petrol,Manual,"New Delhi",Sedan,2014,21
"2024 Toyota Camry 2.5 Hybrid",975000,70000,Petrol,Automatic,Faridabad,Sedan,2024,29
"2024 Mercedes-Benz S-Class S 350d BSVI",1,1100,Diesel,Automatic,"New Delhi",Sedan,2024,24
"2018 BMW 5 Series 520d Luxury Line",3600000,32569,Diesel,Automatic,Gurgaon,Sedan,2018,29
"2024 Toyota Camry 2.5 Hybrid BSVI",4150000,4100,Petrol,Automatic,"New Delhi",Sedan,2024,14
"2022 Honda Amaze 2nd Gen S BSVI",725000,30000,Petrol,Manual,"New Delhi",Sedan,2022,26
"2023 Honda Amaze S BSVI",697000,20711,Petrol,Manual,Ghaziabad,Sedan,2023,7
"2016 Mercedes-Benz C-Class C 220 CDI Style",1625000,65000,Diesel,Automatic,"New Delhi",Sedan,2016,25
"2015 Honda Amaze E i-Vtech",360000,48000,Petrol,Manual,Ghaziabad,Sedan,2015,23
"2012 Hyundai Verna 1.6 VTVT SX",420000,32907,Petrol,Manual,Ghaziabad,Sedan,2012,7
"2017 Honda Amaze 2nd Gen S",401999,72582,Petrol,Manual,Ghaziabad,Sedan,2017,12
"2019 BMW 6 Series GT 630d Luxury Line",3495000,65000,Diesel,Automatic,"New Delhi",Sedan,2019,30
"2015 Honda Amaze S i-Vtech",335000,56950,Petrol,Manual,"New Delhi",Sedan,2015,7
"2016 Honda City i VTEC VX",585000,52000,Petrol,Manual,"New Delhi",Sedan,2016,14
"2023 Honda Amaze VX i-VTEC",852999,11699,Petrol,Manual,Gurgaon,Sedan,2023,19
"2018 BMW 5 Series 520d Luxury Line",2621000,70000,Diesel,Automatic,"New Delhi",Sedan,2018,20
"2023 Maruti Dzire ZXI Plus",816000,5054,Petrol,Manual,Ghaziabad,Sedan,2023,13
"2018 BMW 5 Series 520d Luxury Line",2950000,35000,Diesel,Automatic,"New Delhi",Sedan,2018,23
"2014 Honda Amaze 2nd Gen E",297000,38959,Petrol,Manual,"New Delhi",Sedan,2014,19
"2019 BMW 3 Series 320d Luxury Line",3300000,45522,Diesel,Automatic,Gurgaon,Sedan,2019,19
"2016 Volkswagen Ameo Cup Edition Comfortline",347000,118612,Petrol,Manual,Ghaziabad,Sedan,2016,8
"2019 BMW 5 Series 520d Luxury Line",3499000,35500,Diesel,Automatic,"New Delhi",Sedan,2019,24
"2022 Skoda Slavia 1.0 TSI Active",942000,15287,Petrol,Manual,Gurgaon,Sedan,2022,16
"2018 Mercedes-Benz E-Class Exclusive E 220 d BSIV",3200000,50920,Diesel,Automatic,Gurgaon,Sedan,2018,28
"2022 Volkswagen Virtus GT Plus DSG BSVI",1599000,17500,Petrol,Automatic,"New Delhi",Sedan,2022,10
"2013 Honda Amaze S i-VTEC",277000,73471,Petrol,Manual,Gurgaon,Sedan,2013,7
"2022 Tata Tigor XZ Plus CNG BSVI",595000,31000,CNG,Manual,Faridabad,Sedan,2022,25
"2017 Skoda Superb LK 2.0 TDI AT",1275000,67000,Diesel,Automatic,Gurgaon,Sedan,2017,22
"2013 Hyundai Verna 1.6 EX VTVT",363000,96900,Petrol,Manual,Ghaziabad,Sedan,2013,30
"2022 Skoda Slavia 1.0 TSI Active BSVI",990000,19000,Petrol,Manual,Faridabad,Sedan,2022,25
"2012 Maruti Swift Dzire VXI CNG",277000,74677,CNG,Manual,Ghaziabad,Sedan,2012,30
"2017 Mercedes-Benz C-Class Progressive C 220d",2050000,57000,Diesel,Automatic,"New Delhi",Sedan,2017,20
"2021 Mercedes-Benz E-Class Exclusive E 220d BSVI",5290000,37000,Diesel,Automatic,"New Delhi",Sedan,2021,27
"2013 Honda City 1.5 V MT",372000,78062,Petrol,Manual,Gurgaon,Sedan,2013,18
"2017 Honda Amaze S CVT i-VTEC",425000,48000,Petrol,Automatic,"New Delhi",Sedan,2017,29
"2018 Mercedes-Benz C-Class C 220 CDI Sport Edition",2500000,42000,Diesel,Automatic,"New Delhi",Sedan,2018,7
"2023 Audi A6 45 TFSI Technology",5200000,9000,Petrol,Automatic,"New Delhi",Sedan,2023,17
"2023 Audi A6 45 TFSI Technology BSVI",5300000,6000,Petrol,Automatic,"New Delhi",Sedan,2023,8
"2014 Hyundai Xcent Petrol",329000,97658,Petrol,Manual,Gurgaon,Sedan,2014,31
"2018 Hyundai Verna CRDi 1.6 SX",755000,74000,Diesel,Manual,"New Delhi",Sedan,2018,27
"2016 Honda City i VTEC VX",599000,79682,Petrol,Manual,"New Delhi",Sedan,2016,10
"2017 Maruti Ciaz 1.3 Zeta",625000,43000,Diesel,Manual,"New Delhi",Sedan,2017,11
"2023 Honda Amaze 2nd Gen VX CVT",900000,11100,Petrol,Automatic,"New Delhi",Sedan,2023,20
"2020 Mercedes-Benz E-Class Expression E 220d",4500000,25000,Diesel,Automatic,Gurgaon,Sedan,2020,11
"2019 Mercedes-Benz C-Class Progressive C 200",3595000,32958,Petrol,Automatic,Gurgaon,Sedan,2019,11
"2013 Maruti Swift Dzire VXI CNG",344000,58201,CNG,Manual,Ghaziabad,Sedan,2013,16
"2015 Honda City i VTEC CVT VX",599000,38000,Petrol,Automatic,"New Delhi",Sedan,2015,17
"2021 Lexus ES 300h Luxury 2020-2022",5000000,44404,Petrol,Automatic,Gurgaon,Sedan,2021,30
"2013 Honda City 1.5 S AT",339000,80435,Petrol,Automatic,Ghaziabad,Sedan,2013,18
"2017 Mercedes-Benz E-Class E250 Edition E",1825000,50000,Diesel,Automatic,"New Delhi",Sedan,2017,17
"2017 Honda Amaze S Option CVT i-VTEC",425000,77000,Petrol,Automatic,"New Delhi",Sedan,2017,24
"2014 Mercedes-Benz S-Class S 500",3550000,70000,Petrol,Automatic,"New Delhi",Sedan,2014,13
"2016 Maruti Swift Dzire ZXi",476999,39682,Petrol,Manual,Ghaziabad,Sedan,2016,13
"2023 Skoda Slavia 1.0 TSI Ambition AT",1350000,11826,Petrol,Automatic,"New Delhi",Sedan,2023,20
"2023 Audi A6 45 TFSI Technology BSVI",5675000,6000,Petrol,Automatic,"New Delhi",Sedan,2023,31
"2011 Mercedes-Benz CLS-Class 350 BE",1800000,80000,Petrol,Automatic,"New Delhi",Sedan,2011,10
"2015 Hyundai Verna 1.6 VTVT AT S",543000,53561,Petrol,Automatic,Noida,Sedan,2015,27
"2017 Honda City V CVT",665000,55000,Petrol,Automatic,Noida,Sedan,2017,22
"2020 Honda Amaze S Petrol",550000,51000,Petrol,Manual,Noida,Sedan,2020,22
"2016 Jaguar XJ 2.0L Portfolio",3700000,31000,Petrol,Automatic,"New Delhi",Sedan,2016,13
"2016 Maruti Ciaz ZXi",579000,47928,Petrol,Manual,Noida,Sedan,2016,18
"2017 Honda City i VTEC V",675000,62000,Petrol,Manual,"New Delhi",Sedan,2017,19
"2017 Honda Amaze S i-VTEC",390000,66222,Petrol,Manual,"New Delhi",Sedan,2017,9
"2019 BMW 3 Series 320d Luxury Line",2600000,51000,Diesel,Automatic,"New Delhi",Sedan,2019,9
"2016 Honda Amaze 2nd Gen VX",401000,124637,Petrol,Manual,Noida,Sedan,2016,10
"2015 Maruti Ciaz ZXi",539000,58847,Petrol,Manual,Noida,Sedan,2015,17
"2018 Mercedes-Benz C-Class Prime C 200",2950000,26000,Petrol,Automatic,"New Delhi",Sedan,2018,22
"2017 Mercedes-Benz E-Class E 220D",2525000,63000,Diesel,Automatic,"New Delhi",Sedan,2017,27
"2021 BMW 5 Series 520d Luxury Line",4675000,44123,Diesel,Automatic,"New Delhi",Sedan,2021,15
"2011 Honda City V MT Diesel",308000,57111,Diesel,Manual,Ghaziabad,Sedan,2011,12
"2014 Honda Amaze SX i-VTEC",316000,52744,Petrol,Manual,Noida,Sedan,2014,8
"2022 BMW 3 Series 320d Luxury Line",4400000,37000,Diesel,Automatic,Gurgaon,Sedan,2022,22
"2023 Hyundai Verna SX IVT",1400000,33450,Petrol,Automatic,"New Delhi",Sedan,2023,29
"2013 Honda City 1.5 V MT",345000,112901,Petrol,Manual,Gurgaon,Sedan,2013,21
"2022 Tata Tigor 1.2 Revotron XZ",646000,41654,Petrol,Manual,Gurgaon,Sedan,2022,13
"2016 Mercedes-Benz S-Class S400",4800000,57000,Petrol,Automatic,"New Delhi",Sedan,2016,23
"2016 Honda City i VTEC V",600000,71000,Petrol,Manual,"New Delhi",Sedan,2016,16
"2016 Hyundai Verna 1.6 VTVT AT SX",532000,54205,Petrol,Automatic,Ghaziabad,Sedan,2016,30
"2015 Honda Amaze S i-Vtech",350000,46000,Petrol,Manual,"New Delhi",Sedan,2015,20
"2013 Maruti Swift Dzire VXI",290000,64000,Petrol,Manual,Ghaziabad,Sedan,2013,30
"2017 Maruti Swift Dzire VXI 1.2",540000,42500,Petrol,Manual,"New Delhi",Sedan,2017,9
"2016 Honda Amaze E i-VTEC",380000,80000,Petrol,Manual,"New Delhi",Sedan,2016,23
"2015 Honda City i VTEC CVT VX",525000,69000,Petrol,Automatic,"New Delhi",Sedan,2015,8
"2019 BMW 5 Series 520d Luxury Line",3150000,39000,Diesel,Automatic,"New Delhi",Sedan,2019,11
"2019 BMW 5 Series 530i M Sport",4500000,35500,Petrol,Automatic,"New Delhi",Sedan,2019,27
"2015 Honda City VX MT",649000,22551,Petrol,Manual,Ghaziabad,Sedan,2015,21
"2016 Maruti Ciaz AT ZXi",600000,42835,Petrol,Automatic,Gurgaon,Sedan,2016,16
"2020 Mercedes-Benz C-Class Progressive C 220d",3850000,15000,Diesel,Automatic,"New Delhi",Sedan,2020,9
"2019 Mercedes-Benz S-Class Maybach S650",1,45000,Petrol,Automatic,Gurgaon,Sedan,2019,19
"2013 Maruti Swift Dzire VXI",275000,89150,Petrol,Manual,Ghaziabad,Sedan,2013,8
"2014 Maruti Swift Dzire VXI",344000,108596,Petrol,Manual,Noida,Sedan,2014,29
"2016 Honda Amaze S Option i-DTEC",285000,59000,Diesel,Manual,"New Delhi",Sedan,2016,15
"2023 Mercedes-Benz E-Class Exclusive E 220d",5900000,13000,Diesel,Automatic,"New Delhi",Sedan,2023,30
"2016 Honda Amaze S i-Vtech",375000,54000,Petrol,Manual,"New Delhi",Sedan,2016,25
"2019 BMW 3 Series GT Luxury Line",2600000,49500,Diesel,Automatic,"New Delhi",Sedan,2019,29
"2017 BMW 5 Series 530i M Sport",2990000,44000,Petrol,Automatic,"New Delhi",Sedan,2017,11
"2018 Mercedes-Benz C-Class C 220 CDI Avantgarde",2400000,43000,Diesel,Automatic,Gurgaon,Sedan,2018,11
"2015 Volkswagen Vento 1.2 Highline Plus AT 16 Alloy",475000,70000,Petrol,Automatic,"New Delhi",Sedan,2015,17
"2013 Hyundai Verna 1.6 SX VTVT",380000,75000,Petrol,Manual,Faridabad,Sedan,2013,19
"2020 Honda City V MT",869999,68631,Petrol,Manual,Noida,Sedan,2020,15
"2018 Volvo S60 D4 Momentum BSIV",1989999,40000,Diesel,Automatic,"New Delhi",Sedan,2018,12
"2022 Tata Tigor 1.2 Revotron XTA",542000,9739,Petrol,Automatic,Gurgaon,Sedan,2022,30
"2016 Jaguar XF 2.0 Diesel Prestige",1700000,59000,Diesel,Automatic,Gurgaon,Sedan,2016,11
"2017 Bentley Flying Spur V8",1,21000,Petrol,Automatic,"New Delhi",Sedan,2017,31
"2019 Hyundai Verna 1.6 VTVT SX",851000,34979,Petrol,Manual,Ghaziabad,Sedan,2019,18
"2014 Honda City i VTEC E",550000,66000,Petrol,Manual,"New Delhi",Sedan,2014,13
"2023 Tata Tigor XM CNG",645000,43000,CNG,Manual,"New Delhi",Sedan,2023,29
"2016 Maruti Swift Dzire LXI Option",395000,50000,Petrol,Manual,Noida,Sedan,2016,25
"2015 Honda City i VTEC SV",525000,54000,Petrol,Manual,"New Delhi",Sedan,2015,7
"2017 Honda Amaze S Petrol BSIV",415000,49516,Petrol,Manual,Noida,Sedan,2017,27
"2017 Toyota Corolla Altis 1.8 VL CVT",1324000,25000,Petrol,Automatic,"New Delhi",Sedan,2017,8
"2014 Mercedes-Benz C-Class C 220 CDI Sport Edition",975000,73000,Diesel,Automatic,"New Delhi",Sedan,2014,28
"2015 Honda City i VTEC CVT VX",599000,61000,Petrol,Automatic,"New Delhi",Sedan,2015,11
"2014 Skoda Octavia Active 1.4 TSI MT",484999,75000,Petrol,Manual,Gurgaon,Sedan,2014,14
"2014 Honda Amaze S AT i-Vtech",385000,86000,Petrol,Automatic,Noida,Sedan,2014,30
"2023 Volkswagen Virtus Comfortline",1050000,12000,Petrol,Manual,"New Delhi",Sedan,2023,26
"2017 Honda Amaze S i-VTEC",415000,30100,Petrol,Manual,"New Delhi",Sedan,2017,8
"2017 BMW 7 Series 740Li DPE Signature",5200000,69000,Petrol,Automatic,"New Delhi",Sedan,2017,29
"2019 Tata Tigor XZ Plus",525000,68000,Petrol,Manual,Ghaziabad,Sedan,2019,17
"2017 Skoda Rapid 1.5 TDI Ambition BSIV",395000,48000,Diesel,Manual,"New Delhi",Sedan,2017,14
"2015 Maruti Ciaz VXi Plus",545000,64000,Petrol,Manual,Noida,Sedan,2015,14
"2014 Honda City VX MT",555000,36377,Petrol,Manual,Gurgaon,Sedan,2014,21
"2016 Honda City i VTEC VX",539000,61448,Petrol,Manual,Ghaziabad,Sedan,2016,31
"2017 Honda City i VTEC S",575000,72500,Petrol,Manual,"New Delhi",Sedan,2017,11
"2018 Maruti Ciaz 1.4 AT Zeta",605000,31406,Petrol,Automatic,Ghaziabad,Sedan,2018,31
"2019 Honda City V MT",728000,60656,Petrol,Manual,Noida,Sedan,2019,16
"2023 Maruti Ciaz Alpha AT",975000,57000,Petrol,Automatic,"New Delhi",Sedan,2023,30
"2015 Toyota Corolla Altis G MT",495000,54000,Petrol,Manual,"New Delhi",Sedan,2015,19
"2019 Honda Civic V",1125000,64000,Petrol,Automatic,"New Delhi",Sedan,2019,23
"2017 Honda City i VTEC CVT SV",770000,72000,Petrol,Automatic,"New Delhi",Sedan,2017,26
"2018 Toyota Yaris V CVT",735000,52000,Petrol,Automatic,"New Delhi",Sedan,2018,30
"2024 Mercedes-Benz A-Class Limousine A 200",4475000,4800,Petrol,Automatic,"New Delhi",Sedan,2024,15
"2022 Skoda Slavia 1.0 TSI Ambition BSVI",1025000,46000,Petrol,Manual,"New Delhi",Sedan,2022,28
"2014 Toyota Etios VX",347000,67901,Petrol,Manual,Noida,Sedan,2014,16
"2016 Honda Amaze S i-Vtech",400000,46000,Petrol,Manual,Noida,Sedan,2016,13
"2019 Jaguar XF 2.0 Petrol Prestige",3750000,18000,Petrol,Automatic,Gurgaon,Sedan,2019,11
"2021 Maruti Ciaz Delta Diesel",778000,32073,Diesel,Automatic,Gurgaon,Sedan,2021,9
"2015 Maruti Swift Dzire VXI",375000,90296,Petrol,Manual,Ghaziabad,Sedan,2015,29
"2015 Maruti Ciaz VXi Plus",475000,22000,Petrol,Manual,"New Delhi",Sedan,2015,13
"2016 BMW 5 Series 520d Luxury Line",1950000,40000,Diesel,Automatic,Gurgaon,Sedan,2016,21
"2018 Hyundai Verna 1.6 VTVT SX",914000,36384,Petrol,Manual,Ghaziabad,Sedan,2018,10
"2023 Audi A6 45 TFSI Technology WO Matrix BSVI",5550000,6500,Petrol,Automatic,"New Delhi",Sedan,2023,30
"2014 Honda City i VTEC CVT VX",425000,78000,Petrol,Automatic,Gurgaon,Sedan,2014,16
"2017 Toyota Camry Hybrid",2175000,45000,Petrol,Automatic,"New Delhi",Sedan,2017,30
"2016 Honda City i VTEC VX Option",570000,63000,Petrol,Manual,"New Delhi",Sedan,2016,21
"2016 Honda City i VTEC V",595000,79000,Petrol,Manual,"New Delhi",Sedan,2016,8
"2017 Maruti Ciaz 1.3 Alpha",495000,85000,Diesel,Manual,"New Delhi",Sedan,2017,22
"2017 BMW 7 Series 730Ld DPE Signature",4350000,22000,Diesel,Automatic,Gurgaon,Sedan,2017,27
"2017 Maruti Ciaz 1.4 Alpha",590000,52000,Petrol,Manual,"New Delhi",Sedan,2017,15
"2018 Audi A3 35 TDI Premium Plus",1575000,72000,Diesel,Automatic,"New Delhi",Sedan,2018,11
"2024 Mercedes-Benz A-Class Limousine A 200 BSVI",4175000,15321,Petrol,Automatic,"New Delhi",Sedan,2024,27
"2019 Mercedes-Benz E-Class E 350d",4500000,30000,Diesel,Automatic,Gurgaon,Sedan,2019,22
"2021 Maruti Dzire VXI",564000,52432,Petrol,Manual,Gurgaon,Sedan,2021,23
"2012 Maruti Swift Dzire VXI",310000,29955,Petrol,Manual,Ghaziabad,Sedan,2012,18
"2019 Honda Amaze VX CVT i-VTEC",635000,57000,Petrol,Automatic,"New Delhi",Sedan,2019,12
"2017 Mercedes-Benz CLA 200 CGI Sport",2250000,50000,Petrol,Automatic,"New Delhi",Sedan,2017,27
"2016 Honda City i VTEC V",550000,69222,Petrol,Manual,"New Delhi",Sedan,2016,17
"2017 Maruti Ciaz ZXi",579000,87642,Petrol,Manual,Ghaziabad,Sedan,2017,23
"2017 Mercedes-Benz S-Class S 350 d",4290000,55000,Diesel,Automatic,"New Delhi",Sedan,2017,31
"2013 Honda City S",330000,75826,Petrol,Manual,"New Delhi",Sedan,2013,7
"2017 Mercedes-Benz E-Class E200 Edition E",3450000,50000,Petrol,Automatic,"New Delhi",Sedan,2017,7
"2017 BMW 5 Series 520d Luxury Line",2275000,36000,Diesel,Automatic,"New Delhi",Sedan,2017,10
"2015 Honda Amaze S i-Vtech",325000,52000,Petrol,Manual,"New Delhi",Sedan,2015,22
"2014 Hyundai Elantra S",475000,70000,Petrol,Manual,"New Delhi",Sedan,2014,25
"2012 Honda New Accord 2.4 A/T",399000,89100,Petrol,Automatic,"New Delhi",Sedan,2012,28
"2015 Volkswagen Vento 1.2 TSI Highline AT",425000,77000,Petrol,Automatic,Gurgaon,Sedan,2015,8
"2012 Hyundai Sonata 2.4 GDi MT",325000,59000,Petrol,Manual,"New Delhi",Sedan,2012,23
"2018 Jaguar XF 2.0 Petrol Portfolio",3500000,18000,Petrol,Automatic,"New Delhi",Sedan,2018,10
"2017 Mercedes-Benz E-Class Expression E 220 d BSIV",3450000,35000,Diesel,Automatic,"New Delhi",Sedan,2017,24
"2021 Mercedes-Benz C-Class Progressive C 200",4100000,27000,Petrol,Automatic,"New Delhi",Sedan,2021,11
"2018 Hyundai Verna 1.6 VTVT SX",768000,62021,Petrol,Manual,Gurgaon,Sedan,2018,23
"2018 Honda City i-VTEC V",675000,88000,Petrol,Manual,"New Delhi",Sedan,2018,27
"2022 Skoda Slavia 1.5 TSI Style",1149000,39811,Petrol,Manual,Noida,Sedan,2022,9
"2022 Hyundai Aura S Diesel",646000,58770,Diesel,Manual,Gurgaon,Sedan,2022,9
"2017 BMW 3 Series GT Luxury Line",1830999,67000,Diesel,Automatic,"New Delhi",Sedan,2017,12
"2017 Jaguar XE 2.0L Diesel Prestige",1750000,72000,Diesel,Automatic,"New Delhi",Sedan,2017,25
"2019 Mercedes-Benz E-Class Exclusive E 200",4475000,53258,Petrol,Automatic,"New Delhi",Sedan,2019,31
"2018 Maruti Swift Dzire ZXi",500000,40530,Petrol,Manual,Noida,Sedan,2018,26
"2022 BMW 5 Series 530i M Sport BSVI",5000000,27000,Petrol,Automatic,"New Delhi",Sedan,2022,29
"2013 Toyota Etios V",270000,63274,Petrol,Manual,"New Delhi",Sedan,2013,11
"2022 Skoda Slavia 1.5 TSI Style",1172000,39169,Petrol,Manual,Noida,Sedan,2022,10
"2018 Honda City S",584000,72221,Petrol,Manual,Noida,Sedan,2018,13
"2017 BMW 5 Series 530i M Sport",3675000,35123,Petrol,Automatic,"New Delhi",Sedan,2017,26
"2016 Toyota Corolla Altis 1.8 G CVT",665000,74658,Petrol,Automatic,"New Delhi",Sedan,2016,9
"2019 Honda Amaze VX i-VTEC",667000,26045,Petrol,Manual,Ghaziabad,Sedan,2019,10
"2015 Hyundai Verna 1.6 VTVT",549000,58000,Petrol,Manual,"New Delhi",Sedan,2015,19
"2017 Honda City i VTEC SV",675000,55000,Petrol,Manual,"New Delhi",Sedan,2017,31
"2013 Jaguar XJ 3.0L Portfolio",2500000,80000,Diesel,Automatic,Gurgaon,Sedan,2013,16
"2017 Maruti Ciaz 1.4 AT Zeta",559000,55542,Petrol,Automatic,Faridabad,Sedan,2017,9
"2018 Skoda Rapid 1.6 MPI AT Style BSIV",645000,84000,Petrol,Automatic,Gurgaon,Sedan,2018,13
"2012 Maruti Swift Dzire VXI",252999,97572,Petrol,Manual,Gurgaon,Sedan,2012,31
"2015 Mercedes-Benz S-Class S 350 CDI",4000000,50000,Diesel,Automatic,Gurgaon,Sedan,2015,9
"2018 Maruti Ciaz Petrol",666000,60955,Diesel,Manual,Ghaziabad,Sedan,2018,21
"2020 Mercedes-Benz E-Class Exclusive E 220d",4400000,46000,Diesel,Automatic,"New Delhi",Sedan,2020,22
"2012 Hyundai Verna 1.4 VTVT",340000,37000,Petrol,Manual,"New Delhi",Sedan,2012,16
"2021 Honda City ZX CVT",1200000,30000,Petrol,Automatic,Ghaziabad,Sedan,2021,9
"2016 Maruti Swift Dzire VXI",432000,41749,Petrol,Manual,Gurgaon,Sedan,2016,12
"2021 Honda City ZX MT",1136000,19245,Petrol,Manual,"New Delhi",Sedan,2021,29
"2018 Maruti Swift Dzire VXI 1.2",476000,61838,Petrol,Manual,Ghaziabad,Sedan,2018,28
"2019 Honda Amaze V CVT Diesel BSIV",550000,88000,Diesel,Automatic,Noida,Sedan,2019,21
"2019 Honda City SV MT",775000,29000,Petrol,Manual,Faridabad,Sedan,2019,13
"2014 Mercedes-Benz C-Class C 200 CGI",899000,99000,Petrol,Automatic,"New Delhi",Sedan,2014,23
"2016 Volkswagen Ameo 1.2 MPI Comfortline",360000,69000,Petrol,Manual,Faridabad,Sedan,2016,17
"2019 Honda Amaze V CVT Petrol",642000,39232,Petrol,Automatic,"New Delhi",Sedan,2019,10
"2011 Hyundai Verna 1.6 VTVT SX",325000,44441,Petrol,Manual,Ghaziabad,Sedan,2011,18
"2014 Honda Amaze VX i-Vtech",312000,70888,Petrol,Manual,Noida,Sedan,2014,30
"2014 Honda Amaze S i-Vtech",310000,68000,Petrol,Manual,"New Delhi",Sedan,2014,15
"2018 Maruti Swift Dzire VXI 1.2",525000,65000,Petrol,Manual,Faridabad,Sedan,2018,28
"2018 Honda City i-VTEC CVT V",641000,63238,Petrol,Automatic,Ghaziabad,Sedan,2018,14
"2016 Honda Amaze S i-Vtech",395000,66000,Petrol,Manual,Faridabad,Sedan,2016,30
"2016 Maruti Swift Dzire VXI",425000,68000,Petrol,Manual,"New Delhi",Sedan,2016,25
"2013 Maruti Swift Dzire VXI",262000,94928,Petrol,Manual,Gurgaon,Sedan,2013,28
"2021 Honda City i-VTEC CVT VX",1135000,39000,Petrol,Automatic,"New Delhi",Sedan,2021,10
"2021 Mercedes-Benz C-Class Progressive C 200",3600000,36000,Petrol,Automatic,"New Delhi",Sedan,2021,8
"2015 Honda Amaze S AT i-Vtech",425000,59000,Petrol,Automatic,"New Delhi",Sedan,2015,30
"2016 Honda Amaze S i-Vtech",365000,49000,Petrol,Manual,"New Delhi",Sedan,2016,19
"2015 Honda City i VTEC CVT VX",660000,42000,Petrol,Automatic,"New Delhi",Sedan,2015,22
"2014 Hyundai Xcent Petrol",314000,66046,Petrol,Manual,Ghaziabad,Sedan,2014,22
"2022 Mercedes-Benz C-Class C 200 BSVI",4990000,1500,Petrol,Automatic,"New Delhi",Sedan,2022,12
"2021 Skoda Octavia Style",2150000,45000,Petrol,Automatic,"New Delhi",Sedan,2021,15
"2019 Hyundai Verna VTVT 1.6 SX",795000,76000,Petrol,Manual,Noida,Sedan,2019,31
"2015 Jaguar XF 2.2 Litre Executive",1550000,15001,Diesel,Automatic,"New Delhi",Sedan,2015,30
"2013 Hyundai Verna 1.6 VTVT SX",371000,87799,Petrol,Manual,Gurgaon,Sedan,2013,24
"2016 Toyota Corolla Altis 1.8 GL",660000,88000,Petrol,Manual,Gurgaon,Sedan,2016,23
"2018 Maruti Ciaz Delta BSIV",575000,62000,Petrol,Manual,"New Delhi",Sedan,2018,14
"2015 Honda Amaze EX i-Vtech",340000,66000,Petrol,Manual,"New Delhi",Sedan,2015,17
"2016 Mercedes-Benz S-Class S 350 CDI",3175000,60000,Diesel,Automatic,"New Delhi",Sedan,2016,14
"2017 BMW 3 Series 330i GT Luxury Line",2727000,56395,Petrol,Automatic,Gurgaon,Sedan,2017,10
"2022 Tata Tigor XZ Plus BSVI",683000,12778,Petrol,Manual,Ghaziabad,Sedan,2022,27
"2015 Honda Amaze VX O i VTEC",365000,54000,Petrol,Manual,Noida,Sedan,2015,26
"2015 Honda Amaze S i-Vtech",385000,62789,Petrol,Manual,Faridabad,Sedan,2015,15
"2015 Maruti Swift Dzire LXI",345000,42000,Petrol,Manual,"New Delhi",Sedan,2015,16
"2019 Hyundai Xcent Petrol",468000,66693,Petrol,Manual,Ghaziabad,Sedan,2019,28
"2016 BMW 5 Series 520i Luxury Line",1800000,59000,Petrol,Automatic,"New Delhi",Sedan,2016,13
"2014 Maruti Swift Dzire VXI",331000,43056,Petrol,Manual,"New Delhi",Sedan,2014,23
"2015 BMW 7 Series 730Ld",1400000,68000,Diesel,Automatic,"New Delhi",Sedan,2015,18
"2018 Mercedes-Benz S-Class S 450",8200000,30500,Petrol,Automatic,Gurgaon,Sedan,2018,16
"2018 Hyundai Verna CRDi 1.6 SX Option",850000,87000,Diesel,Manual,Faridabad,Sedan,2018,18
"2025 Tata Tigor XZ Plus CNG BSVI",882000,101,CNG,Manual,"New Delhi",Sedan,2025,13
"2021 Honda City V MT",890000,49000,Petrol,Manual,Gurgaon,Sedan,2021,27
"2014 Honda Amaze S i-VTEC",336000,46980,Petrol,Manual,"New Delhi",Sedan,2014,16
"2016 Maruti Swift Dzire LXI Optional-O",400000,72000,Petrol,Manual,"New Delhi",Sedan,2016,17
"2015 Maruti Ciaz VDi",335000,89000,Diesel,Manual,Faridabad,Sedan,2015,29
"2018 Maruti Swift Dzire LXI 1.2 BS IV",490000,48100,Petrol,Manual,"New Delhi",Sedan,2018,15
"2017 Skoda Superb Petrol Ambition",513999,92745,Petrol,Manual,"New Delhi",Sedan,2017,28
"2019 Honda Amaze V Petrol BSIV",586000,68561,Petrol,Manual,"New Delhi",Sedan,2019,17
"2015 Mercedes-Benz CLA 200 CDI Sport",1350000,60000,Diesel,Automatic,"New Delhi",Sedan,2015,18
"2020 Mercedes-Benz C-Class Prime C 220d",2950000,16000,Diesel,Automatic,"New Delhi",Sedan,2020,7
"2015 Honda City i VTEC SV",413000,78223,Petrol,Manual,Noida,Sedan,2015,25
"2017 Maruti Ciaz Alpha BSIV",549000,81000,Petrol,Manual,Ghaziabad,Sedan,2017,21
"2016 Audi A4 30 TFSI Technology",1950000,44000,Petrol,Automatic,"New Delhi",Sedan,2016,26
"2016 Honda City VX MT",568000,75620,Petrol,Manual,Ghaziabad,Sedan,2016,7
"2015 Skoda Rapid 1.6 MPI AT Style Plus Black Package",575000,70000,Petrol,Automatic,"New Delhi",Sedan,2015,29
"2018 Maruti Swift Dzire AMT VXI",535000,39720,Petrol,Automatic,Ghaziabad,Sedan,2018,16
"2017 Audi A6 35 TFSI",2650000,68000,Petrol,Automatic,"New Delhi",Sedan,2017,13
"2014 Honda Amaze S i-Vtech",339000,39215,Petrol,Manual,Ghaziabad,Sedan,2014,11
"2020 Honda City ZX MT",1089000,48013,Petrol,Manual,Ghaziabad,Sedan,2020,10
"2019 Honda Amaze S Petrol BSIV",570000,58000,Petrol,Manual,"New Delhi",Sedan,2019,8
"2016 Mercedes-Benz C-Class C 200 Avantgarde Edition C",2475000,27000,Petrol,Automatic,"New Delhi",Sedan,2016,29
"2014 Hyundai Xcent 1.2 Kappa S",310000,38645,Petrol,Manual,"New Delhi",Sedan,2014,15
"2016 Honda City i VTEC V",535000,46245,Petrol,Manual,Gurgaon,Sedan,2016,30
"2012 Hyundai Verna 1.6 EX VTVT",389000,22696,Petrol,Manual,"New Delhi",Sedan,2012,24
"2015 Honda City SV MT",479000,78310,Petrol,Manual,Noida,Sedan,2015,26
"2018 Maruti Ciaz 1.4 Alpha",725000,26000,Petrol,Manual,"New Delhi",Sedan,2018,24
"2019 Maruti Swift Dzire VXI 1.2",565000,41619,Petrol,Manual,Ghaziabad,Sedan,2019,10
"2019 Hyundai Xcent Petrol",497000,55627,Petrol,Manual,"New Delhi",Sedan,2019,24
"2019 Mercedes-Benz E-Class Exclusive E 200",4395000,19000,Petrol,Automatic,"New Delhi",Sedan,2019,8
"2013 Maruti Swift Dzire VXI",330000,63665,Petrol,Manual,Gurgaon,Sedan,2013,13
"2023 Volvo S90 B5 Ultimate",5450000,9400,Petrol,Automatic,"New Delhi",Sedan,2023,8
"2019 Maruti Ciaz Petrol",724000,64893,Diesel,Manual,Gurgaon,Sedan,2019,21
"2014 Honda Amaze EX i-Vtech",270000,108507,Petrol,Manual,Ghaziabad,Sedan,2014,22
"2020 Maruti Swift Dzire VXI AT BSVI",551000,56217,Petrol,Automatic,Gurgaon,Sedan,2020,16
"2012 Hyundai Verna 1.6 VTVT AT SX",425000,37899,Petrol,Automatic,"New Delhi",Sedan,2012,8
"2023 BMW 7 Series 740Li M Sport Edition",1,8200,Petrol,Automatic,"New Delhi",Sedan,2023,11
"2014 Mercedes-Benz S-Class S 500 L",4290000,81000,Petrol,Automatic,"New Delhi",Sedan,2014,26
"2019 Mercedes-Benz C-Class Progressive C 200",3575000,39000,Petrol,Automatic,"New Delhi",Sedan,2019,13
"2021 Maruti Swift Dzire VXI",650000,44000,Petrol,Manual,"New Delhi",Sedan,2021,29
"2021 Mercedes-Benz S-Class S450 4Matic BSVI",1,15000,Petrol,Automatic,"New Delhi",Sedan,2021,27
"2014 Mercedes-Benz S-Class S 500 L",4290000,82000,Petrol,Automatic,"New Delhi",Sedan,2014,16
"2013 Honda City V MT",340000,70000,Petrol,Manual,Gurgaon,Sedan,2013,18
"2015 Toyota Corolla Altis G AT",595000,120000,Petrol,Automatic,Noida,Sedan,2015,12
"2023 Mercedes-Benz C-Class C 200 BSVI",4875000,33321,Petrol,Automatic,"New Delhi",Sedan,2023,23
"2018 Jaguar XF 2.0 Diesel Prestige",2800000,14000,Diesel,Automatic,"New Delhi",Sedan,2018,23
"2016 Toyota Corolla Altis D-4D G",725000,84000,Diesel,Manual,"New Delhi",Sedan,2016,14
"2017 Volkswagen Ameo 1.0 MPI Trendline",455000,68000,Petrol,Manual,Noida,Sedan,2017,20
"2021 BMW 5 Series 520d Luxury Line",5675000,25125,Diesel,Automatic,Noida,Sedan,2021,24
"2016 Maruti Swift Dzire VXI",413999,56039,Petrol,Manual,"New Delhi",Sedan,2016,7
"2021 Tata Tigor XE BSVI",450000,69000,Petrol,Manual,Ghaziabad,Sedan,2021,30
"2018 Maruti Ciaz Petrol",617000,79477,Diesel,Manual,Gurgaon,Sedan,2018,24
"2022 Honda City V CVT",1175000,39000,Petrol,Automatic,"New Delhi",Sedan,2022,23
"2021 Maruti Swift Dzire ZXI Plus AT BSVI",654000,48428,Petrol,Automatic,Gurgaon,Sedan,2021,9
"2023 Hyundai Verna SX IVT Opt",1490000,23081,Petrol,Automatic,"New Delhi",Sedan,2023,23
"2019 Honda Amaze VX CVT Petrol",697000,33058,Petrol,Automatic,Gurgaon,Sedan,2019,30
"2015 Maruti Swift Dzire LDI",355000,71000,Diesel,Manual,"New Delhi",Sedan,2015,23
"2020 BMW 7 Series 740Li M Sport",8500000,46000,Petrol,Automatic,"New Delhi",Sedan,2020,21
"2019 Hyundai Verna VTVT 1.6 SX",801000,24800,Petrol,Manual,"New Delhi",Sedan,2019,27
"2017 Hyundai Xcent 1.2 Kappa S AT",465000,63727,Petrol,Automatic,Faridabad,Sedan,2017,16
"2017 Hyundai Elantra 2.0 S",900000,78000,Petrol,Manual,"New Delhi",Sedan,2017,18
"2023 Audi A6 45 TFSI Technology WO Matrix BSVI",5200000,3000,Petrol,Automatic,"New Delhi",Sedan,2023,9
"2012 Maruti Swift Dzire VXI",321000,34134,Petrol,Manual,Gurgaon,Sedan,2012,12
"2020 Honda Amaze VX i-VTEC",719000,21106,Petrol,Manual,"New Delhi",Sedan,2020,25
"2015 Honda City i VTEC CVT VX",745000,59000,Petrol,Automatic,Ghaziabad,Sedan,2015,7
"2022 Honda City V MT",1095000,13000,Petrol,Manual,"New Delhi",Sedan,2022,30
"2017 Hyundai Verna CRDi 1.6 AT SX Plus",850000,65000,Diesel,Automatic,"New Delhi",Sedan,2017,22
"2018 Maruti Ciaz Petrol",645000,115199,Diesel,Manual,Ghaziabad,Sedan,2018,12
"2019 Honda City V MT",740000,31000,Petrol,Manual,"New Delhi",Sedan,2019,15
"2018 Maruti Dzire VXI",566000,41569,Petrol,Manual,"New Delhi",Sedan,2018,7
"2017 Honda City i VTEC CVT SV",725000,72000,Petrol,Automatic,"New Delhi",Sedan,2017,10
"2014 Honda Amaze S i-VTEC",325000,58727,Petrol,Manual,Ghaziabad,Sedan,2014,21
"2015 Honda Amaze S i-Vtech",335000,54666,Petrol,Manual,"New Delhi",Sedan,2015,19
"2019 Maruti Swift Dzire LXI 1.2",475000,50000,Petrol,Manual,"New Delhi",Sedan,2019,25
"2014 Honda Amaze S i-VTEC",363000,58698,Petrol,Manual,"New Delhi",Sedan,2014,12
"2016 BMW 7 Series 730Ld Design Pure Excellence CBU",3890000,39000,Diesel,Automatic,"New Delhi",Sedan,2016,28
"2014 Honda Amaze S i-Vtech",375000,70000,Petrol,Manual,Ghaziabad,Sedan,2014,25
"2020 BMW 5 Series 530i Sport",5300000,2000,Petrol,Automatic,"New Delhi",Sedan,2020,31
"2023 Volkswagen Virtus Topline AT",1419000,19916,Petrol,Automatic,Gurgaon,Sedan,2023,24
"2016 BMW 7 Series 730Ld Design Pure Excellence CBU",3890000,40000,Diesel,Automatic,"New Delhi",Sedan,2016,22
"2021 Honda City ZX CVT",1150000,47000,Petrol,Automatic,"New Delhi",Sedan,2021,30
"2021 Honda City V MT",975000,44160,Petrol,Manual,Faridabad,Sedan,2021,29
"2014 Honda City V MT",484000,51590,Petrol,Manual,Gurgaon,Sedan,2014,23
"2014 Hyundai Xcent 1.2 Kappa S",314000,44852,Petrol,Manual,Gurgaon,Sedan,2014,23
"2017 Audi A6 35 TDI",2100000,27900,Diesel,Automatic,"New Delhi",Sedan,2017,13
"2012 Hyundai Verna 1.6 SX VTVT AT",310000,62000,Petrol,Automatic,"New Delhi",Sedan,2012,15
"2014 Maruti Swift Dzire VXI",331000,88030,Petrol,Manual,Ghaziabad,Sedan,2014,30
"2014 Maruti Swift Dzire VXI",332000,96881,Petrol,Manual,"New Delhi",Sedan,2014,24
"2018 Maruti Ciaz Petrol",619000,111692,Diesel,Manual,Noida,Sedan,2018,21
"2019 Hyundai Verna VTVT 1.6 SX",765000,65000,Petrol,Manual,"New Delhi",Sedan,2019,28
"2017 Jaguar XJ 2.0L Portfolio",5500000,21000,Petrol,Automatic,"New Delhi",Sedan,2017,20
"2018 Tata Tigor 1.2 Revotron XT",400000,45000,Petrol,Manual,"New Delhi",Sedan,2018,8
"2024 Mercedes-Benz A-Class Limousine A 200d",4500000,3000,Diesel,Automatic,"New Delhi",Sedan,2024,23
"2022 Tata Tigor XZ Plus BSVI",630000,57000,Petrol,Manual,"New Delhi",Sedan,2022,11
"2019 Hyundai Xcent Petrol",487000,109169,Petrol,Manual,"New Delhi",Sedan,2019,29
"2023 Mercedes-Benz C-Class C 200 BSVI",5100000,21000,Petrol,Automatic,"New Delhi",Sedan,2023,7
"2019 Honda City V MT",744000,49001,Petrol,Manual,"New Delhi",Sedan,2019,17
"2015 Honda Amaze S i-Vtech",350000,67467,Petrol,Manual,Gurgaon,Sedan,2015,31
"2022 Tata Tigor XZ Plus BSVI",675000,30000,Petrol,Manual,"New Delhi",Sedan,2022,25
"2015 Maruti Ciaz VDi",430000,82000,Diesel,Manual,"New Delhi",Sedan,2015,23
"2015 Honda City i VTEC V",540000,57000,Petrol,Manual,"New Delhi",Sedan,2015,9
"2018 Honda City i-VTEC V",750000,70000,Petrol,Manual,"New Delhi",Sedan,2018,19
"2017 Honda Amaze S i-VTEC",440000,74179,Petrol,Manual,Faridabad,Sedan,2017,11
"2015 Honda Amaze VX i-VTEC",392000,31175,Petrol,Manual,Ghaziabad,Sedan,2015,19
